initial_alias	name	nVariants	CHROM	C_A_sum	C_A_list	C_U_sum	nGT_cases	nGT_controls	IMPACT_cons(higest)	Consequence_cons_list	GT_cases	GT_controls	description	namespace	Gene
ENSG00000108175	ZMIZ1	7	chr10	31	5+5+5+4+4+4+4	0	0|1[3], 0/0[8], 1|1[1] & 0|1[3], 0/0[8], 1|1[1] & 0|1[3], 0/0[8], 1|1[1] & 0|1[2], 0|0[1], 0/0[8], 1|1[1] & 0|0[1], 0|1[2], 0/0[8], 1|1[1] & 0|1[4], 0/0[8] & 0|1[4], 0/0[8]	0/0[11] & 0/0[11] & 0/0[11] & 0/0[11] & 0/0[11] & 0/0[11] & 0/0[11]	4.HIGH; 3.MODERATE; 4.HIGH; 4.HIGH; 4.HIGH; 4.HIGH; 4.HIGH	frameshift_variant; missense_variant; frameshift_variant; frameshift_variant; frameshift_variant; frameshift_variant; frameshift_variant	0|1[S1+S4+S5]; 0/0[S6+S9+S10+S13+S14+S15+S17+S18]; 1|1[S16] & 0|1[S1+S4+S5]; 0/0[S6+S9+S10+S13+S14+S15+S17+S18]; 1|1[S16] & 0|1[S1+S4+S5]; 0/0[S6+S9+S10+S13+S14+S15+S17+S18]; 1|1[S16] & 0|1[S1+S4]; 0|0[S5]; 0/0[S6+S9+S10+S13+S14+S15+S17+S18]; 1|1[S16] & 0|0[S1]; 0|1[S4+S5]; 0/0[S6+S9+S10+S13+S14+S15+S17+S18]; 1|1[S16] & 0|1[S1+S4+S5+S16]; 0/0[S6+S9+S10+S13+S14+S15+S17+S18] & 0|1[S1+S4+S5+S16]; 0/0[S6+S9+S10+S13+S14+S15+S17+S18]	0/0[S2+S3+S7+S8+S11+S12+S19+S20+S21+S22+S23] & 0/0[S2+S3+S7+S8+S11+S12+S19+S20+S21+S22+S23] & 0/0[S2+S3+S7+S8+S11+S12+S19+S20+S21+S22+S23] & 0/0[S2+S3+S7+S8+S11+S12+S19+S20+S21+S22+S23] & 0/0[S2+S3+S7+S8+S11+S12+S19+S20+S21+S22+S23] & 0/0[S2+S3+S7+S8+S11+S12+S19+S20+S21+S22+S23] & 0/0[S2+S3+S7+S8+S11+S12+S19+S20+S21+S22+S23]	zinc finger MIZ-type containing 1 [Source:HGNC Symbol;Acc:HGNC:16493]	ARRAYEXPRESS,ENSG	ENSG00000108175
ENSG00000126243	LRFN3	6	chr19	30	5+5+5+5+5+5	0	0|1[5], 0/0[5], 0|0[1], ./.[1] & 0|1[5], 0/0[5], 0|0[1], ./.[1] & 0|1[5], 0/0[5], 0|0[1], ./.[1] & 0|1[5], 0/0[6], ./.[1] & 0|1[5], 0/0[6], ./.[1] & 0|1[5], 0|0[1], 0/0[5], ./.[1]	0|0[1], 0/0[10] & 0/0[10], ./.[1] & 0/0[10], ./.[1] & 0/0[10], ./.[1] & 0/0[10], ./.[1] & 0/0[10], ./.[1]	3.MODERATE; 3.MODERATE; 3.MODERATE; 4.HIGH; 4.HIGH; 4.HIGH	inframe_deletion; protein_altering_variant; inframe_insertion; frameshift_variant; frameshift_variant; frameshift_variant	0|1[S1+S4+S6+S14+S15]; 0/0[S5+S9+S13+S17+S18]; 0|0[S10]; ./.[S16] & 0|1[S1+S4+S6+S14+S15]; 0/0[S5+S9+S13+S17+S18]; 0|0[S10]; ./.[S16] & 0|1[S1+S4+S6+S14+S15]; 0/0[S5+S9+S13+S17+S18]; 0|0[S10]; ./.[S16] & 0|1[S1+S4+S6+S14+S15]; 0/0[S5+S9+S10+S13+S17+S18]; ./.[S16] & 0|1[S1+S4+S6+S14+S15]; 0/0[S5+S9+S10+S13+S17+S18]; ./.[S16] & 0|1[S1+S4+S6+S14+S15]; 0|0[S5]; 0/0[S9+S10+S13+S17+S18]; ./.[S16]	0|0[S2]; 0/0[S3+S7+S8+S11+S12+S19+S20+S21+S22+S23] & 0/0[S2+S7+S8+S11+S12+S19+S20+S21+S22+S23]; ./.[S3] & 0/0[S2+S7+S8+S11+S12+S19+S20+S21+S22+S23]; ./.[S3] & 0/0[S2+S3+S8+S11+S12+S19+S20+S21+S22+S23]; ./.[S7] & 0/0[S2+S3+S8+S11+S12+S19+S20+S21+S22+S23]; ./.[S7] & 0/0[S2+S7+S8+S11+S12+S19+S20+S21+S22+S23]; ./.[S3]	leucine rich repeat and fibronectin type III domain containing 3 [Source:HGNC Symbol;Acc:HGNC:28370]	ARRAYEXPRESS,ENSG	ENSG00000126243
ENSG00000171459	OR1L6	4	chr9	16	4+4+4+4	0	0|0[1], 1|1[8], 0|1[2], ./.[1] & 0|0[1], 1|1[8], 0|1[2], ./.[1] & 0/1[3], 1/1[7], ./.[1], 0|1[1] & 0/0[1], 1/1[8], 0/1[2], ./.[1]	1|1[10], 1/1[1] & 1|1[10], 1/1[1] & 1/1[11] & 1/1[10], ./.[1]	3.MODERATE; 3.MODERATE; 3.MODERATE; 3.MODERATE	missense_variant; missense_variant; missense_variant; missense_variant	0|0[S1]; 1|1[S4+S5+S9+S10+S14+S15+S17+S18]; 0|1[S6+S13]; ./.[S16] & 0|0[S1]; 1|1[S4+S5+S9+S10+S14+S15+S17+S18]; 0|1[S6+S13]; ./.[S16] & 0/1[S1+S6+S13]; 1/1[S4+S5+S9+S10+S14+S15+S17]; ./.[S16]; 0|1[S18] & 0/0[S1]; 1/1[S4+S5+S9+S10+S14+S15+S17+S18]; 0/1[S6+S13]; ./.[S16]	1|1[S2+S3+S7+S11+S12+S19+S20+S21+S22+S23]; 1/1[S8] & 1|1[S2+S3+S7+S11+S12+S19+S20+S21+S22+S23]; 1/1[S8] & 1/1[S2+S3+S7+S8+S11+S12+S19+S20+S21+S22+S23] & 1/1[S2+S3+S7+S8+S11+S12+S19+S20+S21+S23]; ./.[S22]	olfactory receptor family 1 subfamily L member 6 [Source:HGNC Symbol;Acc:HGNC:8218]	ARRAYEXPRESS,ENSG	ENSG00000171459
ENSG00000198838	RYR3	3	chr15	14	5+5+4	0	0|1[3], 0/0[8], 1|1[1] & 0|1[3], 0/0[8], 1|1[1] & 0|1[2], 0|2[1], 0/0[8], 1|1[1]	0/0[11] & 0/0[11] & 0/0[11]	4.HIGH; 4.HIGH; 4.HIGH	frameshift_variant; frameshift_variant; stop_gained&frameshift_variant	0|1[S1+S4+S6]; 0/0[S5+S9+S10+S13+S14+S15+S17+S18]; 1|1[S16] & 0|1[S1+S4+S6]; 0/0[S5+S9+S10+S13+S14+S15+S17+S18]; 1|1[S16] & 0|1[S1+S6]; 0|2[S4]; 0/0[S5+S9+S10+S13+S14+S15+S17+S18]; 1|1[S16]	0/0[S2+S3+S7+S8+S11+S12+S19+S20+S21+S22+S23] & 0/0[S2+S3+S7+S8+S11+S12+S19+S20+S21+S22+S23] & 0/0[S2+S3+S7+S8+S11+S12+S19+S20+S21+S22+S23]	ryanodine receptor 3 [Source:HGNC Symbol;Acc:HGNC:10485]	ARRAYEXPRESS,ENSG	ENSG00000198838
ENSG00000171813	PWWP2B	3	chr10	12	4+4+4	0	./.[1], 0|1[2], 0/0[8], 1|1[1] & 0/0[9], 0|1[2], 1|1[1] & 0/0[9], 0|1[2], 1|1[1]	0/0[11] & 0/0[11] & 0/0[10], 0|0[1]	4.HIGH; 3.MODERATE; 4.HIGH	stop_gained; missense_variant; frameshift_variant	./.[S1]; 0|1[S4+S14]; 0/0[S5+S6+S9+S10+S13+S15+S17+S18]; 1|1[S16] & 0/0[S1+S5+S6+S9+S10+S13+S15+S17+S18]; 0|1[S4+S14]; 1|1[S16] & 0/0[S1+S5+S6+S9+S10+S13+S15+S17+S18]; 0|1[S4+S14]; 1|1[S16]	0/0[S2+S3+S7+S8+S11+S12+S19+S20+S21+S22+S23] & 0/0[S2+S3+S7+S8+S11+S12+S19+S20+S21+S22+S23] & 0/0[S2+S7+S8+S11+S12+S19+S20+S21+S22+S23]; 0|0[S3]	PWWP domain containing 2B [Source:HGNC Symbol;Acc:HGNC:25150]	ARRAYEXPRESS,ENSG	ENSG00000171813
ENSG00000146757	ZNF92	2	chr7	12	6+6	0	0/1[4], 1/1[1], 0/0[6], ./.[1] & 0/1[4], 1/1[1], 0/0[6], ./.[1]	0/0[11] & 0/0[11]	3.MODERATE; 3.MODERATE	missense_variant; missense_variant	0/1[S1+S5+S13+S14]; 1/1[S4]; 0/0[S6+S9+S10+S15+S17+S18]; ./.[S16] & 0/1[S1+S5+S13+S14]; 1/1[S4]; 0/0[S6+S9+S10+S15+S17+S18]; ./.[S16]	0/0[S2+S3+S7+S8+S11+S12+S19+S20+S21+S22+S23] & 0/0[S2+S3+S7+S8+S11+S12+S19+S20+S21+S22+S23]	zinc finger protein 92 [Source:HGNC Symbol;Acc:HGNC:13168]	ARRAYEXPRESS,ENSG	ENSG00000146757
ENSG00000186204	CYP4F12	3	chr19	12	4+4+4	0	0/1[3], 1/1[7], 0|1[1], ./.[1] & 0/1[4], 1/1[7], ./.[1] & 0/1[4], 0/0[7], ./.[1]	1/1[11] & 1/1[11] & 0/0[11]	3.MODERATE; 3.MODERATE; 4.HIGH	missense_variant; missense_variant; splice_donor_variant&nmd_transcript_variant	0/1[S1+S13+S17]; 1/1[S4+S5+S6+S10+S14+S15+S18]; 0|1[S9]; ./.[S16] & 0/1[S1+S9+S13+S17]; 1/1[S4+S5+S6+S10+S14+S15+S18]; ./.[S16] & 0/1[S1+S9+S13+S17]; 0/0[S4+S5+S6+S10+S14+S15+S18]; ./.[S16]	1/1[S2+S3+S7+S8+S11+S12+S19+S20+S21+S22+S23] & 1/1[S2+S3+S7+S8+S11+S12+S19+S20+S21+S22+S23] & 0/0[S2+S3+S7+S8+S11+S12+S19+S20+S21+S22+S23]	cytochrome P450 family 4 subfamily F member 12 [Source:HGNC Symbol;Acc:HGNC:18857]	ARRAYEXPRESS,ENSG	ENSG00000186204
ENSG00000185958	FAM186A	1	chr12	11	11	0	0/0[6], 1|1[5], 0|1[1]	0/0[11]	4.HIGH	frameshift_variant	0/0[S1+S4+S9+S10+S14+S16]; 1|1[S5+S13+S15+S17+S18]; 0|1[S6]	0/0[S2+S3+S7+S8+S11+S12+S19+S20+S21+S22+S23]	family with sequence similarity 186 member A [Source:HGNC Symbol;Acc:HGNC:26980]	ARRAYEXPRESS,ENSG	ENSG00000185958
ENSG00000175356	SCUBE2	1	chr11	10	10	0	0/1[8], 1/1[1], 0/0[2], ./.[1]	0/0[11]	3.MODERATE	missense_variant	0/1[S1+S4+S5+S9+S10+S13+S14+S18]; 1/1[S6]; 0/0[S15+S17]; ./.[S16]	0/0[S2+S3+S7+S8+S11+S12+S19+S20+S21+S22+S23]	signal peptide, CUB domain and EGF like domain containing 2 [Source:HGNC Symbol;Acc:HGNC:30425]	ARRAYEXPRESS,ENSG	ENSG00000175356
ENSG00000214562	NUTM2D	2	chr10	10	5+5	0	1|1[1], 0/0[7], 0|1[3], ./.[1] & 1|1[1], 0/0[7], 0|1[3], ./.[1]	0/0[11] & 0/0[11]	3.MODERATE; 3.MODERATE	missense_variant; missense_variant	1|1[S1]; 0/0[S4+S5+S6+S9+S13+S14+S17]; 0|1[S10+S15+S18]; ./.[S16] & 1|1[S1]; 0/0[S4+S5+S6+S9+S13+S14+S17]; 0|1[S10+S15+S18]; ./.[S16]	0/0[S2+S3+S7+S8+S11+S12+S19+S20+S21+S22+S23] & 0/0[S2+S3+S7+S8+S11+S12+S19+S20+S21+S22+S23]	NUT family member 2D [Source:HGNC Symbol;Acc:HGNC:23447]	ARRAYEXPRESS,ENSG	ENSG00000214562
ENSG00000000938	FGR	2	chr1	9	5+4	0	0/0[8], 0|1[3], 1|1[1] & 0/0[8], 0|1[2], 1|1[1], 0|2[1]	0/0[11] & 0/0[11]	4.HIGH; 4.HIGH	frameshift_variant; frameshift_variant	0/0[S1+S4+S5+S9+S10+S13+S14+S18]; 0|1[S6+S15+S17]; 1|1[S16] & 0/0[S1+S4+S5+S9+S10+S13+S14+S18]; 0|1[S6+S15]; 1|1[S16]; 0|2[S17]	0/0[S2+S3+S7+S8+S11+S12+S19+S20+S21+S22+S23] & 0/0[S2+S3+S7+S8+S11+S12+S19+S20+S21+S22+S23]	FGR proto-oncogene, Src family tyrosine kinase [Source:HGNC Symbol;Acc:HGNC:3697]	ARRAYEXPRESS,ENSG	ENSG00000000938
ENSG00000160256	SLX9	2	chr21	9	5+4	0	0/0[7], 0/1[3], 1/1[1], ./.[1] & 0/0[7], 0/1[4], ./.[1]	0/0[11] & 0/0[11]	3.MODERATE; 3.MODERATE	missense_variant; missense_variant	0/0[S1+S4+S5+S6+S10+S15+S18]; 0/1[S9+S14+S17]; 1/1[S13]; ./.[S16] & 0/0[S1+S4+S5+S6+S10+S15+S18]; 0/1[S9+S13+S14+S17]; ./.[S16]	0/0[S2+S3+S7+S8+S11+S12+S19+S20+S21+S22+S23] & 0/0[S2+S3+S7+S8+S11+S12+S19+S20+S21+S22+S23]	SLX9 ribosome biogenesis factor [Source:HGNC Symbol;Acc:HGNC:15811]	ARRAYEXPRESS,ENSG	ENSG00000160256
ENSG00000165689	ENTR1	2	chr9	9	5+4	0	0/0[6], 0/1[5], ./.[1] & 0/0[7], 0/1[4], ./.[1]	0/0[11] & 0/0[11]	3.MODERATE; 3.MODERATE	missense_variant; missense_variant	0/0[S1+S9+S10+S13+S14+S15]; 0/1[S4+S5+S6+S17+S18]; ./.[S16] & 0/0[S1+S6+S9+S10+S13+S14+S15]; 0/1[S4+S5+S17+S18]; ./.[S16]	0/0[S2+S3+S7+S8+S11+S12+S19+S20+S21+S22+S23] & 0/0[S2+S3+S7+S8+S11+S12+S19+S20+S21+S22+S23]	endosome associated trafficking regulator 1 [Source:HGNC Symbol;Acc:HGNC:10667]	ARRAYEXPRESS,ENSG	ENSG00000165689
ENSG00000178395	CCDC185	1	chr1	9	9	0	0/0[4], 0/1[5], 1/1[2], ./.[1]	0/0[11]	3.MODERATE	missense_variant	0/0[S1+S10+S13+S15]; 0/1[S4+S6+S9+S17+S18]; 1/1[S5+S14]; ./.[S16]	0/0[S2+S3+S7+S8+S11+S12+S19+S20+S21+S22+S23]	coiled-coil domain containing 185 [Source:HGNC Symbol;Acc:HGNC:26654]	ARRAYEXPRESS,ENSG	ENSG00000178395
ENSG00000223547	ZNF844	2	chr19	9	5+4	0	0|1[3], 0/0[7], 1|1[1], ./.[1] & 0/0[8], 1/1[1], 0/1[2], ./.[1]	0/0[11] & 0/0[11]	3.MODERATE; 3.MODERATE	missense_variant; missense_variant	0|1[S1+S10+S15]; 0/0[S4+S6+S9+S13+S14+S17+S18]; 1|1[S5]; ./.[S16] & 0/0[S1+S4+S6+S9+S13+S14+S17+S18]; 1/1[S5]; 0/1[S10+S15]; ./.[S16]	0/0[S2+S3+S7+S8+S11+S12+S19+S20+S21+S22+S23] & 0/0[S2+S3+S7+S8+S11+S12+S19+S20+S21+S22+S23]	zinc finger protein 844 [Source:HGNC Symbol;Acc:HGNC:25932]	ARRAYEXPRESS,ENSG	ENSG00000223547
ENSG00000011028	MRC2	2	chr17	8	4+4	0	0/0[9], 0|1[2], 1|1[1] & 0/0[9], 0|1[2], 1|1[1]	0/0[11] & 0/0[11]	4.HIGH; 4.HIGH	frameshift_variant; frameshift_variant	0/0[S1+S4+S6+S9+S10+S13+S14+S15+S18]; 0|1[S5+S17]; 1|1[S16] & 0/0[S1+S4+S6+S9+S10+S13+S14+S15+S18]; 0|1[S5+S17]; 1|1[S16]	0/0[S2+S3+S7+S8+S11+S12+S19+S20+S21+S22+S23] & 0/0[S2+S3+S7+S8+S11+S12+S19+S20+S21+S22+S23]	mannose receptor C type 2 [Source:HGNC Symbol;Acc:HGNC:16875]	ARRAYEXPRESS,ENSG	ENSG00000011028
ENSG00000119681	LTBP2	2	chr14	8	4+4	0	0/0[7], ./.[2], 0|1[2], 1|1[1] & 0/0[9], 0|1[2], 1|1[1]	0/0[11] & 0/0[11]	4.HIGH; 4.HIGH	frameshift_variant&splice_region_variant; splice_donor_variant	0/0[S1+S6+S9+S10+S13+S17+S18]; ./.[S4+S14]; 0|1[S5+S15]; 1|1[S16] & 0/0[S1+S4+S6+S9+S10+S13+S14+S17+S18]; 0|1[S5+S15]; 1|1[S16]	0/0[S2+S3+S7+S8+S11+S12+S19+S20+S21+S22+S23] & 0/0[S2+S3+S7+S8+S11+S12+S19+S20+S21+S22+S23]	latent transforming growth factor beta binding protein 2 [Source:HGNC Symbol;Acc:HGNC:6715]	ARRAYEXPRESS,ENSG	ENSG00000119681
ENSG00000064313	TAF2	2	chr8	8	4+4	0	1/1[1], 0/1[2], 0/0[8], ./.[1] & 1/1[1], 0/1[2], 0/0[8], ./.[1]	0/0[11] & 0/0[11]	3.MODERATE; 3.MODERATE	missense_variant; missense_variant	1/1[S1]; 0/1[S4+S13]; 0/0[S5+S6+S9+S10+S14+S15+S17+S18]; ./.[S16] & 1/1[S1]; 0/1[S4+S13]; 0/0[S5+S6+S9+S10+S14+S15+S17+S18]; ./.[S16]	0/0[S2+S3+S7+S8+S11+S12+S19+S20+S21+S22+S23] & 0/0[S2+S3+S7+S8+S11+S12+S19+S20+S21+S22+S23]	TATA-box binding protein associated factor 2 [Source:HGNC Symbol;Acc:HGNC:11536]	ARRAYEXPRESS,ENSG	ENSG00000064313
ENSG00000132938	MTUS2	1	chr13	8	8	0	0/0[1], 1/1[4], 0/1[6], ./.[1]	1/1[11]	3.MODERATE	missense_variant	0/0[S1]; 1/1[S4+S6+S13+S14]; 0/1[S5+S9+S10+S15+S17+S18]; ./.[S16]	1/1[S2+S3+S7+S8+S11+S12+S19+S20+S21+S22+S23]	microtubule associated scaffold protein 2 [Source:HGNC Symbol;Acc:HGNC:20595]	ARRAYEXPRESS,ENSG	ENSG00000132938
ENSG00000171970	ZNF57	2	chr19	8	4+4	0	1|1[1], 0/0[8], 0|1[2], ./.[1] & 1|1[1], 0/0[8], 0|1[2], ./.[1]	0/0[11] & 0/0[11]	3.MODERATE; 3.MODERATE	missense_variant; missense_variant	1|1[S1]; 0/0[S4+S5+S6+S10+S13+S14+S15+S17]; 0|1[S9+S18]; ./.[S16] & 1|1[S1]; 0/0[S4+S5+S6+S10+S13+S14+S15+S17]; 0|1[S9+S18]; ./.[S16]	0/0[S2+S3+S7+S8+S11+S12+S19+S20+S21+S22+S23] & 0/0[S2+S3+S7+S8+S11+S12+S19+S20+S21+S22+S23]	zinc finger protein 57 [Source:HGNC Symbol;Acc:HGNC:13125]	ARRAYEXPRESS,ENSG	ENSG00000171970
ENSG00000178852	EFCAB13	2	chr17	8	4+4	0	0/1[4], 0/0[7], ./.[1] & 0/1[4], 0/0[7], ./.[1]	0/0[11] & 0/0[11]	3.MODERATE; 3.MODERATE	missense_variant; missense_variant	0/1[S1+S4+S5+S10]; 0/0[S6+S9+S13+S14+S15+S17+S18]; ./.[S16] & 0/1[S1+S4+S5+S10]; 0/0[S6+S9+S13+S14+S15+S17+S18]; ./.[S16]	0/0[S2+S3+S7+S8+S11+S12+S19+S20+S21+S22+S23] & 0/0[S2+S3+S7+S8+S11+S12+S19+S20+S21+S22+S23]	EF-hand calcium binding domain 13 [Source:HGNC Symbol;Acc:HGNC:26864]	ARRAYEXPRESS,ENSG	ENSG00000178852
ENSG00000214891	TRIM64C	2	chr11	8	4+4	0	1/1[1], 0/0[8], 0/1[2], ./.[1] & 1/1[1], 0/0[8], 0/1[2], ./.[1]	0/0[11] & 0/0[11]	3.MODERATE; 3.MODERATE	missense_variant; missense_variant	1/1[S1]; 0/0[S4+S6+S10+S13+S14+S15+S17+S18]; 0/1[S5+S9]; ./.[S16] & 1/1[S1]; 0/0[S4+S6+S10+S13+S14+S15+S17+S18]; 0/1[S5+S9]; ./.[S16]	0/0[S2+S3+S7+S8+S11+S12+S19+S20+S21+S22+S23] & 0/0[S2+S3+S7+S8+S11+S12+S19+S20+S21+S22+S23]	tripartite motif containing 64C [Source:HGNC Symbol;Acc:HGNC:37148]	ARRAYEXPRESS,ENSG	ENSG00000214891
ENSG00000127947	PTPN12	1	chr7	7	7	0	0/0[5], 0/1[5], 1/1[1], ./.[1]	0/0[11]	3.MODERATE	missense_variant	0/0[S1+S9+S15+S17+S18]; 0/1[S4+S6+S10+S13+S14]; 1/1[S5]; ./.[S16]	0/0[S2+S3+S7+S8+S11+S12+S19+S20+S21+S22+S23]	protein tyrosine phosphatase non-receptor type 12 [Source:HGNC Symbol;Acc:HGNC:9645]	ARRAYEXPRESS,ENSG	ENSG00000127947
ENSG00000133597	ADCK2	1	chr7	7	7	0	0/0[5], 0/1[5], 1/1[1], ./.[1]	0/0[11]	3.MODERATE	missense_variant	0/0[S1+S4+S5+S6+S17]; 0/1[S9+S10+S13+S14+S18]; 1/1[S15]; ./.[S16]	0/0[S2+S3+S7+S8+S11+S12+S19+S20+S21+S22+S23]	aarF domain containing kinase 2 [Source:HGNC Symbol;Acc:HGNC:19039]	ARRAYEXPRESS,ENSG	ENSG00000133597
ENSG00000140876	NUDT7	1	chr16	7	7	0	0/0[5], 1/1[1], 0/1[5], ./.[1]	0/0[11]	3.MODERATE	missense_variant	0/0[S1+S4+S6+S9+S17]; 1/1[S5]; 0/1[S10+S13+S14+S15+S18]; ./.[S16]	0/0[S2+S3+S7+S8+S11+S12+S19+S20+S21+S22+S23]	nudix hydrolase 7 [Source:HGNC Symbol;Acc:HGNC:8054]	ARRAYEXPRESS,ENSG	ENSG00000140876
ENSG00000144401	METTL21A	1	chr2	7	7	0	1/1[4], 0/1[7], ./.[1]	1/1[11]	3.MODERATE	missense_variant	1/1[S1+S6+S15+S18]; 0/1[S4+S5+S9+S10+S13+S14+S17]; ./.[S16]	1/1[S2+S3+S7+S8+S11+S12+S19+S20+S21+S22+S23]	methyltransferase 21A, HSPA lysine [Source:HGNC Symbol;Acc:HGNC:30476]	ARRAYEXPRESS,ENSG	ENSG00000144401
ENSG00000154079	SDHAF4	1	chr6	7	7	0	1/1[1], 0/1[5], 0/0[5], ./.[1]	0/0[11]	3.MODERATE	missense_variant	1/1[S1]; 0/1[S4+S10+S13+S15+S18]; 0/0[S5+S6+S9+S14+S17]; ./.[S16]	0/0[S2+S3+S7+S8+S11+S12+S19+S20+S21+S22+S23]	succinate dehydrogenase complex assembly factor 4 [Source:HGNC Symbol;Acc:HGNC:20957]	ARRAYEXPRESS,ENSG	ENSG00000154079
ENSG00000157322	CLEC18A	1	chr16	7	7	0	0/0[5], 0/1[5], 1/1[1], ./.[1]	0/0[11]	3.MODERATE	missense_variant	0/0[S1+S6+S9+S10+S15]; 0/1[S4+S5+S14+S17+S18]; 1/1[S13]; ./.[S16]	0/0[S2+S3+S7+S8+S11+S12+S19+S20+S21+S22+S23]	C-type lectin domain family 18 member A [Source:HGNC Symbol;Acc:HGNC:30388]	ARRAYEXPRESS,ENSG	ENSG00000157322
ENSG00000164458	TBXT	1	chr6	7	7	0	0/1[7], 0/0[5]	0/0[11]	3.MODERATE	missense_variant	0/1[S1+S4+S5+S9+S13+S14+S15]; 0/0[S6+S10+S16+S17+S18]	0/0[S2+S3+S7+S8+S11+S12+S19+S20+S21+S22+S23]	T-box transcription factor T [Source:HGNC Symbol;Acc:HGNC:11515]	ARRAYEXPRESS,ENSG	ENSG00000164458
ENSG00000164520	RAET1E	1	chr6	7	7	0	0/0[6], 0/1[5], 1/1[1]	0/0[11]	3.MODERATE	missense_variant	0/0[S1+S5+S9+S14+S15+S16]; 0/1[S4+S6+S13+S17+S18]; 1/1[S10]	0/0[S2+S3+S7+S8+S11+S12+S19+S20+S21+S22+S23]	retinoic acid early transcript 1E [Source:HGNC Symbol;Acc:HGNC:16793]	ARRAYEXPRESS,ENSG	ENSG00000164520
ENSG00000183310	OR2T34	1	chr1	7	7	0	0/0[5], 0|1[2], 0/1[3], ./.[1], 1/1[1]	0/0[11]	3.MODERATE	missense_variant	0/0[S1+S6+S9+S10+S17]; 0|1[S4+S15]; 0/1[S5+S13+S14]; ./.[S16]; 1/1[S18]	0/0[S2+S3+S7+S8+S11+S12+S19+S20+S21+S22+S23]	olfactory receptor family 2 subfamily T member 34 [Source:HGNC Symbol;Acc:HGNC:31256]	ARRAYEXPRESS,ENSG	ENSG00000183310
ENSG00000089335	ZNF302	1	chr19	6	6	0	0/0[7], 0/1[4], 1/1[1]	0/0[11]	3.MODERATE	missense_variant	0/0[S1+S4+S9+S10+S13+S16+S17]; 0/1[S5+S6+S14+S15]; 1/1[S18]	0/0[S2+S3+S7+S8+S11+S12+S19+S20+S21+S22+S23]	zinc finger protein 302 [Source:HGNC Symbol;Acc:HGNC:13848]	ARRAYEXPRESS,ENSG	ENSG00000089335
ENSG00000150048	CLEC1A	1	chr12	6	6	0	0/1[2], 1/1[7], 0/0[2], ./.[1]	1/1[11]	3.MODERATE	missense_variant	0/1[S1+S15]; 1/1[S4+S6+S9+S10+S13+S14+S17]; 0/0[S5+S18]; ./.[S16]	1/1[S2+S3+S7+S8+S11+S12+S19+S20+S21+S22+S23]	C-type lectin domain family 1 member A [Source:HGNC Symbol;Acc:HGNC:24355]	ARRAYEXPRESS,ENSG	ENSG00000150048
ENSG00000160051	IQCC	1	chr1	6	6	0	1/1[1], 0/0[6], 0/1[4], ./.[1]	0/0[11]	3.MODERATE	missense_variant	1/1[S1]; 0/0[S4+S5+S6+S10+S14+S17]; 0/1[S9+S13+S15+S18]; ./.[S16]	0/0[S2+S3+S7+S8+S11+S12+S19+S20+S21+S22+S23]	IQ motif containing C [Source:HGNC Symbol;Acc:HGNC:25545]	ARRAYEXPRESS,ENSG	ENSG00000160051
ENSG00000186081	KRT5	1	chr12	6	6	0	0/0[7], 0/1[2], 1/1[2], ./.[1]	0/0[11]	3.MODERATE	missense_variant	0/0[S1+S4+S10+S14+S15+S17+S18]; 0/1[S5+S9]; 1/1[S6+S13]; ./.[S16]	0/0[S2+S3+S7+S8+S11+S12+S19+S20+S21+S22+S23]	keratin 5 [Source:HGNC Symbol;Acc:HGNC:6442]	ARRAYEXPRESS,ENSG	ENSG00000186081
ENSG00000196209	SIRPB2	1	chr20	6	6	0	1/1[6], 0/1[4], 0/0[1], ./.[1]	1/1[11]	3.MODERATE	missense_variant	1/1[S1+S4+S6+S15+S17+S18]; 0/1[S5+S9+S13+S14]; 0/0[S10]; ./.[S16]	1/1[S2+S3+S7+S8+S11+S12+S19+S20+S21+S22+S23]	signal regulatory protein beta 2 [Source:HGNC Symbol;Acc:HGNC:16247]	ARRAYEXPRESS,ENSG	ENSG00000196209
ENSG00000205420	KRT6A	1	chr12	6	6	0	0/1[4], 0/0[6], 1/1[1], ./.[1]	0/0[11]	3.MODERATE	missense_variant	0/1[S1+S5+S9+S13]; 0/0[S4+S10+S14+S15+S17+S18]; 1/1[S6]; ./.[S16]	0/0[S2+S3+S7+S8+S11+S12+S19+S20+S21+S22+S23]	keratin 6A [Source:HGNC Symbol;Acc:HGNC:6443]	ARRAYEXPRESS,ENSG	ENSG00000205420
ENSG00000268043	NBPF12	1	chr1	6	6	0	0/0[5], 0/1[6], ./.[1]	0/0[11]	3.MODERATE	missense_variant	0/0[S1+S5+S10+S13+S18]; 0/1[S4+S6+S9+S14+S15+S17]; ./.[S16]	0/0[S2+S3+S7+S8+S11+S12+S19+S20+S21+S22+S23]	NBPF member 12 [Source:HGNC Symbol;Acc:HGNC:24297]	ARRAYEXPRESS,ENSG	ENSG00000268043
ENSG00000049239	H6PD	1	chr1	5	5	0	0/0[7], 0/1[3], 1/1[1], ./.[1]	0/0[11]	4.HIGH	splice_acceptor_variant&5_prime_utr_variant&intron_variant	0/0[S1+S6+S9+S10+S14+S15+S17]; 0/1[S4+S13+S18]; 1/1[S5]; ./.[S16]	0/0[S2+S3+S7+S8+S11+S12+S19+S20+S21+S22+S23]	hexose-6-phosphate dehydrogenase/glucose 1-dehydrogenase [Source:HGNC Symbol;Acc:HGNC:4795]	ARRAYEXPRESS,ENSG	ENSG00000049239
ENSG00000103326	CAPN15	1	chr16	5	5	0	0/1[3], 0/0[7], 1/1[1], ./.[1]	0/0[11]	4.HIGH	splice_donor_variant	0/1[S1+S4+S17]; 0/0[S5+S6+S9+S10+S14+S15+S18]; 1/1[S13]; ./.[S16]	0/0[S2+S3+S7+S8+S11+S12+S19+S20+S21+S22+S23]	calpain 15 [Source:HGNC Symbol;Acc:HGNC:11182]	ARRAYEXPRESS,ENSG	ENSG00000103326
ENSG00000105855	ITGB8	1	chr7	5	5	0	0|1[2], 0/0[6], 0|0[1], 0/1[3]	0/0[8], 0|0[3]	4.HIGH	frameshift_variant	0|1[S1+S6]; 0/0[S4+S5+S10+S13+S15+S18]; 0|0[S9]; 0/1[S14+S16+S17]	0/0[S2+S3+S7+S11+S12+S21+S22+S23]; 0|0[S8+S19+S20]	integrin subunit beta 8 [Source:HGNC Symbol;Acc:HGNC:6163]	ARRAYEXPRESS,ENSG	ENSG00000105855
ENSG00000198062	POTEH	1	chr22	5	5	0	0/0[6], 0/1[5], ./.[1]	0/0[11]	4.HIGH	splice_acceptor_variant	0/0[S1+S4+S6+S9+S13+S15]; 0/1[S5+S10+S14+S17+S18]; ./.[S16]	0/0[S2+S3+S7+S8+S11+S12+S19+S20+S21+S22+S23]	POTE ankyrin domain family member H [Source:HGNC Symbol;Acc:HGNC:133]	ARRAYEXPRESS,ENSG	ENSG00000198062
ENSG00000263870		1	chr17	5	5	0	0/0[7], 0|1[2], 0|0[1], 0/1[1], 1|1[1]	0/0[11]	4.HIGH	splice_acceptor_variant&non_coding_transcript_variant	0/0[S1+S5+S9+S10+S13+S17+S18]; 0|1[S4+S15]; 0|0[S6]; 0/1[S14]; 1|1[S16]	0/0[S2+S3+S7+S8+S11+S12+S19+S20+S21+S22+S23]	RAP1A, member of RAS oncogene family (RAP1A) pseudogene	ARRAYEXPRESS,ENSG	ENSG00000263870
ENSG00000062524	LTK	1	chr15	5	5	0	0/0[7], 0/1[3], 1/1[1], ./.[1]	0/0[11]	3.MODERATE	missense_variant	0/0[S1+S6+S10+S13+S15+S17+S18]; 0/1[S4+S5+S14]; 1/1[S9]; ./.[S16]	0/0[S2+S3+S7+S8+S11+S12+S19+S20+S21+S22+S23]	leukocyte receptor tyrosine kinase [Source:HGNC Symbol;Acc:HGNC:6721]	ARRAYEXPRESS,ENSG	ENSG00000062524
ENSG00000095485	CWF19L1	1	chr10	5	5	0	1/1[1], 0/0[7], 0/1[3], ./.[1]	0/0[11]	3.MODERATE	missense_variant	1/1[S1]; 0/0[S4+S6+S10+S13+S14+S17+S18]; 0/1[S5+S9+S15]; ./.[S16]	0/0[S2+S3+S7+S8+S11+S12+S19+S20+S21+S22+S23]	CWF19 like cell cycle control factor 1 [Source:HGNC Symbol;Acc:HGNC:25613]	ARRAYEXPRESS,ENSG	ENSG00000095485
ENSG00000101004	NINL	1	chr20	5	5	0	0/1[3], 0/0[7], 1/1[1], ./.[1]	0/0[11]	3.MODERATE	missense_variant	0/1[S1+S14+S18]; 0/0[S4+S5+S6+S9+S10+S15+S17]; 1/1[S13]; ./.[S16]	0/0[S2+S3+S7+S8+S11+S12+S19+S20+S21+S22+S23]	ninein like [Source:HGNC Symbol;Acc:HGNC:29163]	ARRAYEXPRESS,ENSG	ENSG00000101004
ENSG00000116350	SRSF4	1	chr1	5	5	0	0/1[5], 1/1[6], ./.[1]	1/1[11]	3.MODERATE	missense_variant	0/1[S1+S4+S6+S10+S15]; 1/1[S5+S9+S13+S14+S17+S18]; ./.[S16]	1/1[S2+S3+S7+S8+S11+S12+S19+S20+S21+S22+S23]	serine and arginine rich splicing factor 4 [Source:HGNC Symbol;Acc:HGNC:10786]	ARRAYEXPRESS,ENSG	ENSG00000116350
ENSG00000116353	MECR	1	chr1	5	5	0	0/1[5], 1/1[6], ./.[1]	1/1[11]	3.MODERATE	missense_variant	0/1[S1+S4+S6+S10+S15]; 1/1[S5+S9+S13+S14+S17+S18]; ./.[S16]	1/1[S2+S3+S7+S8+S11+S12+S19+S20+S21+S22+S23]	mitochondrial trans-2-enoyl-CoA reductase [Source:HGNC Symbol;Acc:HGNC:19691]	ARRAYEXPRESS,ENSG	ENSG00000116353
ENSG00000117385	P3H1	1	chr1	5	5	0	0/0[7], 0/1[3], 1/1[1], ./.[1]	0/0[11]	3.MODERATE	missense_variant	0/0[S1+S4+S6+S13+S14+S15+S17]; 0/1[S5+S10+S18]; 1/1[S9]; ./.[S16]	0/0[S2+S3+S7+S8+S11+S12+S19+S20+S21+S22+S23]	prolyl 3-hydroxylase 1 [Source:HGNC Symbol;Acc:HGNC:19316]	ARRAYEXPRESS,ENSG	ENSG00000117385
ENSG00000120616	EPC1	1	chr10	5	5	0	0/0[7], 1/1[1], 0/1[3], ./.[1]	0/0[11]	3.MODERATE	missense_variant	0/0[S1+S6+S10+S14+S15+S17+S18]; 1/1[S4]; 0/1[S5+S9+S13]; ./.[S16]	0/0[S2+S3+S7+S8+S11+S12+S19+S20+S21+S22+S23]	enhancer of polycomb homolog 1 [Source:HGNC Symbol;Acc:HGNC:19876]	ARRAYEXPRESS,ENSG	ENSG00000120616
ENSG00000122140	MRPS2	1	chr9	5	5	0	0/1[5], 0/0[6], ./.[1]	0/0[11]	3.MODERATE	missense_variant	0/1[S1+S4+S14+S15+S17]; 0/0[S5+S6+S9+S10+S13+S18]; ./.[S16]	0/0[S2+S3+S7+S8+S11+S12+S19+S20+S21+S22+S23]	mitochondrial ribosomal protein S2 [Source:HGNC Symbol;Acc:HGNC:14495]	ARRAYEXPRESS,ENSG	ENSG00000122140
ENSG00000124092	CTCFL	1	chr20	5	5	0	0/0[7], 1/1[1], 0/1[3], ./.[1]	0/0[11]	3.MODERATE	missense_variant	0/0[S1+S5+S6+S10+S15+S17+S18]; 1/1[S4]; 0/1[S9+S13+S14]; ./.[S16]	0/0[S2+S3+S7+S8+S11+S12+S19+S20+S21+S22+S23]	CCCTC-binding factor like [Source:HGNC Symbol;Acc:HGNC:16234]	ARRAYEXPRESS,ENSG	ENSG00000124092
ENSG00000124370	MCEE	1	chr2	5	5	0	0/1[5], 0/0[6], ./.[1]	0/0[11]	3.MODERATE	missense_variant	0/1[S1+S5+S10+S13+S17]; 0/0[S4+S6+S9+S14+S15+S18]; ./.[S16]	0/0[S2+S3+S7+S8+S11+S12+S19+S20+S21+S22+S23]	methylmalonyl-CoA epimerase [Source:HGNC Symbol;Acc:HGNC:16732]	ARRAYEXPRESS,ENSG	ENSG00000124370
ENSG00000124496	TRERF1	1	chr6	5	5	0	0/0[7], 1/1[1], 0/1[3], ./.[1]	0/0[11]	3.MODERATE	missense_variant	0/0[S1+S4+S5+S9+S10+S17+S18]; 1/1[S6]; 0/1[S13+S14+S15]; ./.[S16]	0/0[S2+S3+S7+S8+S11+S12+S19+S20+S21+S22+S23]	transcriptional regulating factor 1 [Source:HGNC Symbol;Acc:HGNC:18273]	ARRAYEXPRESS,ENSG	ENSG00000124496
ENSG00000128159	TUBGCP6	1	chr22	5	5	0	0/0[6], 0/1[5], ./.[1]	0/0[11]	3.MODERATE	missense_variant	0/0[S1+S6+S9+S10+S13+S18]; 0/1[S4+S5+S14+S15+S17]; ./.[S16]	0/0[S2+S3+S7+S8+S11+S12+S19+S20+S21+S22+S23]	tubulin gamma complex associated protein 6 [Source:HGNC Symbol;Acc:HGNC:18127]	ARRAYEXPRESS,ENSG	ENSG00000128159
ENSG00000130487	KLHDC7B	1	chr22	5	5	0	1/1[1], 0/0[7], 0/1[3], ./.[1]	0/0[11]	3.MODERATE	missense_variant	1/1[S1]; 0/0[S4+S5+S6+S10+S13+S15+S17]; 0/1[S9+S14+S18]; ./.[S16]	0/0[S2+S3+S7+S8+S11+S12+S19+S20+S21+S22+S23]	kelch domain containing 7B [Source:HGNC Symbol;Acc:HGNC:25145]	ARRAYEXPRESS,ENSG	ENSG00000130487
ENSG00000130589	HELZ2	1	chr20	5	5	0	0/1[1], 0/0[8], 1/1[2], ./.[1]	0/0[11]	3.MODERATE	missense_variant	0/1[S1]; 0/0[S4+S5+S6+S13+S14+S15+S17+S18]; 1/1[S9+S10]; ./.[S16]	0/0[S2+S3+S7+S8+S11+S12+S19+S20+S21+S22+S23]	helicase with zinc finger 2 [Source:HGNC Symbol;Acc:HGNC:30021]	ARRAYEXPRESS,ENSG	ENSG00000130589
ENSG00000135766	EGLN1	1	chr1	5	5	0	1/1[1], 0/0[7], 0/1[3], ./.[1]	0/0[11]	3.MODERATE	missense_variant	1/1[S1]; 0/0[S4+S5+S6+S9+S13+S15+S17]; 0/1[S10+S14+S18]; ./.[S16]	0/0[S2+S3+S7+S8+S11+S12+S19+S20+S21+S22+S23]	egl-9 family hypoxia inducible factor 1 [Source:HGNC Symbol;Acc:HGNC:1232]	ARRAYEXPRESS,ENSG	ENSG00000135766
ENSG00000137877	SPTBN5	1	chr15	5	5	0	0/0[7], 0/1[3], ./.[1], 1/1[1]	0/0[11]	3.MODERATE	missense_variant&splice_region_variant	0/0[S1+S5+S6+S9+S10+S15+S18]; 0/1[S4+S13+S14]; ./.[S16]; 1/1[S17]	0/0[S2+S3+S7+S8+S11+S12+S19+S20+S21+S22+S23]	spectrin beta, non-erythrocytic 5 [Source:HGNC Symbol;Acc:HGNC:15680]	ARRAYEXPRESS,ENSG	ENSG00000137877
ENSG00000149646	CNBD2	1	chr20	5	5	0	1/1[1], 0/0[7], 0/1[3], ./.[1]	0/0[11]	3.MODERATE	missense_variant	1/1[S1]; 0/0[S4+S6+S10+S14+S15+S17+S18]; 0/1[S5+S9+S13]; ./.[S16]	0/0[S2+S3+S7+S8+S11+S12+S19+S20+S21+S22+S23]	cyclic nucleotide binding domain containing 2 [Source:HGNC Symbol;Acc:HGNC:16145]	ARRAYEXPRESS,ENSG	ENSG00000149646
ENSG00000154310	TNIK	1	chr3	5	5	0	0/0[6], 0/1[5], ./.[1]	0/0[11]	3.MODERATE	missense_variant	0/0[S1+S4+S5+S9+S10+S17]; 0/1[S6+S13+S14+S15+S18]; ./.[S16]	0/0[S2+S3+S7+S8+S11+S12+S19+S20+S21+S22+S23]	TRAF2 and NCK interacting kinase [Source:HGNC Symbol;Acc:HGNC:30765]	ARRAYEXPRESS,ENSG	ENSG00000154310
ENSG00000166670	MMP10	1	chr11	5	5	0	0/0[6], 0/1[5], ./.[1]	0/0[11]	3.MODERATE	missense_variant	0/0[S1+S4+S9+S14+S17+S18]; 0/1[S5+S6+S10+S13+S15]; ./.[S16]	0/0[S2+S3+S7+S8+S11+S12+S19+S20+S21+S22+S23]	matrix metallopeptidase 10 [Source:HGNC Symbol;Acc:HGNC:7156]	ARRAYEXPRESS,ENSG	ENSG00000166670
ENSG00000187026	KRTAP21-2	1	chr21	5	5	0	0/0[8], 0/1[3], 1/1[1]	0/0[11]	3.MODERATE	missense_variant	0/0[S1+S4+S5+S9+S10+S13+S17+S18]; 0/1[S6+S14+S15]; 1/1[S16]	0/0[S2+S3+S7+S8+S11+S12+S19+S20+S21+S22+S23]	keratin associated protein 21-2 [Source:HGNC Symbol;Acc:HGNC:18946]	ARRAYEXPRESS,ENSG	ENSG00000187026
ENSG00000211638	IGLV8-61	1	chr22	5	5	0	0/0[6], 0/1[5], ./.[1]	0/0[11]	3.MODERATE	missense_variant	0/0[S1+S5+S10+S13+S14+S18]; 0/1[S4+S6+S9+S15+S17]; ./.[S16]	0/0[S2+S3+S7+S8+S11+S12+S19+S20+S21+S22+S23]	immunoglobulin lambda variable 8-61 [Source:HGNC Symbol;Acc:HGNC:5931]	ARRAYEXPRESS,ENSG	ENSG00000211638
ENSG00000213088	ACKR1	1	chr1	5	5	0	0/0[6], 0/1[5], ./.[1]	0/0[11]	3.MODERATE	missense_variant	0/0[S1+S4+S13+S14+S15+S18]; 0/1[S5+S6+S9+S10+S17]; ./.[S16]	0/0[S2+S3+S7+S8+S11+S12+S19+S20+S21+S22+S23]	atypical chemokine receptor 1 (Duffy blood group) [Source:HGNC Symbol;Acc:HGNC:4035]	ARRAYEXPRESS,ENSG	ENSG00000213088
ENSG00000254245	PCDHGA3	1	chr5	5	5	0	0/1[5], 0/0[6], ./.[1]	0/0[11]	3.MODERATE	missense_variant	0/1[S1+S6+S13+S15+S18]; 0/0[S4+S5+S9+S10+S14+S17]; ./.[S16]	0/0[S2+S3+S7+S8+S11+S12+S19+S20+S21+S22+S23]	protocadherin gamma subfamily A, 3 [Source:HGNC Symbol;Acc:HGNC:8701]	ARRAYEXPRESS,ENSG	ENSG00000254245
ENSG00000261701	HPR	1	chr16	5	5	0	0/0[6], 0/1[5], ./.[1]	0/0[11]	3.MODERATE	missense_variant	0/0[S1+S6+S10+S13+S17+S18]; 0/1[S4+S5+S9+S14+S15]; ./.[S16]	0/0[S2+S3+S7+S8+S11+S12+S19+S20+S21+S22+S23]	haptoglobin-related protein [Source:HGNC Symbol;Acc:HGNC:5156]	ARRAYEXPRESS,ENSG	ENSG00000261701
ENSG00000109654	TRIM2	1	chr4	4	4	0	0|1[2], 0/0[6], ./.[1], 0|0[2], 1|1[1]	0/0[7], 0|0[4]	4.HIGH	frameshift_variant	0|1[S1+S17]; 0/0[S4+S5+S10+S13+S15+S18]; ./.[S6]; 0|0[S9+S14]; 1|1[S16]	0/0[S2+S8+S11+S20+S21+S22+S23]; 0|0[S3+S7+S12+S19]	tripartite motif containing 2 [Source:HGNC Symbol;Acc:HGNC:15974]	ARRAYEXPRESS,ENSG	ENSG00000109654
ENSG00000163625	WDFY3	1	chr4	4	4	0	0/0[9], 0|1[2], 1|1[1]	0/0[11]	4.HIGH	frameshift_variant	0/0[S1+S4+S5+S6+S9+S10+S15+S17+S18]; 0|1[S13+S14]; 1|1[S16]	0/0[S2+S3+S7+S8+S11+S12+S19+S20+S21+S22+S23]	WD repeat and FYVE domain containing 3 [Source:HGNC Symbol;Acc:HGNC:20751]	ARRAYEXPRESS,ENSG	ENSG00000163625
ENSG00000169756	LIMS1	1	chr2	4	4	0	0/0[7], 0/1[4], ./.[1]	0/0[11]	4.HIGH	splice_donor_variant	0/0[S1+S5+S9+S13+S15+S17+S18]; 0/1[S4+S6+S10+S14]; ./.[S16]	0/0[S2+S3+S7+S8+S11+S12+S19+S20+S21+S22+S23]	LIM zinc finger domain containing 1 [Source:HGNC Symbol;Acc:HGNC:6616]	ARRAYEXPRESS,ENSG	ENSG00000169756
ENSG00000231550	PTCHD3P2	1	chr2	4	4	0	0/0[7], 0/1[4], ./.[1]	0/0[11]	4.HIGH	splice_donor_variant&non_coding_transcript_variant	0/0[S1+S4+S5+S10+S14+S15+S18]; 0/1[S6+S9+S13+S17]; ./.[S16]	0/0[S2+S3+S7+S8+S11+S12+S19+S20+S21+S22+S23]	patched domain containing 3 pseudogene 2 [Source:HGNC Symbol;Acc:HGNC:44946]	ARRAYEXPRESS,ENSG	ENSG00000231550
ENSG00000249647	LINC02900	1	chr5	4	4	0	0|1[2], 0/0[7], 0/1[2], ./.[1]	0/0[11]	4.HIGH	splice_donor_variant&non_coding_transcript_variant	0|1[S1+S17]; 0/0[S4+S5+S6+S9+S13+S14+S18]; 0/1[S10+S15]; ./.[S16]	0/0[S2+S3+S7+S8+S11+S12+S19+S20+S21+S22+S23]	long intergenic non-protein coding RNA 2900 [Source:HGNC Symbol;Acc:HGNC:27964]	ARRAYEXPRESS,ENSG	ENSG00000249647
ENSG00000003989	SLC7A2	1	chr8	4	4	0	0/0[8], 0/1[4]	0/0[11]	3.MODERATE	missense_variant	0/0[S1+S4+S9+S14+S15+S16+S17+S18]; 0/1[S5+S6+S10+S13]	0/0[S2+S3+S7+S8+S11+S12+S19+S20+S21+S22+S23]	solute carrier family 7 member 2 [Source:HGNC Symbol;Acc:HGNC:11060]	ARRAYEXPRESS,ENSG	ENSG00000003989
ENSG00000007944	MYLIP	1	chr6	4	4	0	0/0[8], 1/1[1], 0/1[2], ./.[1]	0/0[11]	3.MODERATE	missense_variant	0/0[S1+S6+S9+S10+S13+S15+S17+S18]; 1/1[S4]; 0/1[S5+S14]; ./.[S16]	0/0[S2+S3+S7+S8+S11+S12+S19+S20+S21+S22+S23]	myosin regulatory light chain interacting protein [Source:HGNC Symbol;Acc:HGNC:21155]	ARRAYEXPRESS,ENSG	ENSG00000007944
ENSG00000047578	KATNIP	1	chr16	4	4	0	0/0[9], 0/1[2], 1/1[1]	0/0[11]	3.MODERATE	missense_variant	0/0[S1+S5+S9+S10+S13+S14+S16+S17+S18]; 0/1[S4+S6]; 1/1[S15]	0/0[S2+S3+S7+S8+S11+S12+S19+S20+S21+S22+S23]	katanin interacting protein [Source:HGNC Symbol;Acc:HGNC:29068]	ARRAYEXPRESS,ENSG	ENSG00000047578
ENSG00000069943	PIGB	1	chr15	4	4	0	0/0[7], 0/1[4], ./.[1]	0/0[11]	3.MODERATE	missense_variant	0/0[S1+S4+S5+S9+S13+S17+S18]; 0/1[S6+S10+S14+S15]; ./.[S16]	0/0[S2+S3+S7+S8+S11+S12+S19+S20+S21+S22+S23]	phosphatidylinositol glycan anchor biosynthesis class B [Source:HGNC Symbol;Acc:HGNC:8959]	ARRAYEXPRESS,ENSG	ENSG00000069943
ENSG00000077238	IL4R	1	chr16	4	4	0	0/1[4], 0/0[7], ./.[1]	0/0[11]	3.MODERATE	missense_variant	0/1[S1+S5+S13+S17]; 0/0[S4+S6+S9+S10+S14+S15+S18]; ./.[S16]	0/0[S2+S3+S7+S8+S11+S12+S19+S20+S21+S22+S23]	interleukin 4 receptor [Source:HGNC Symbol;Acc:HGNC:6015]	ARRAYEXPRESS,ENSG	ENSG00000077238
ENSG00000079263	SP140	1	chr2	4	4	0	0/0[8], 0|1[2], 1|1[1], ./.[1]	0/0[11]	3.MODERATE	missense_variant	0/0[S1+S5+S9+S10+S14+S15+S17+S18]; 0|1[S4+S6]; 1|1[S13]; ./.[S16]	0/0[S2+S3+S7+S8+S11+S12+S19+S20+S21+S22+S23]	SP140 nuclear body protein [Source:HGNC Symbol;Acc:HGNC:17133]	ARRAYEXPRESS,ENSG	ENSG00000079263
ENSG00000092148	HECTD1	1	chr14	4	4	0	0/0[8], 1/1[1], 0/1[2], ./.[1]	0/0[11]	3.MODERATE	missense_variant	0/0[S1+S4+S5+S9+S10+S13+S17+S18]; 1/1[S6]; 0/1[S14+S15]; ./.[S16]	0/0[S2+S3+S7+S8+S11+S12+S19+S20+S21+S22+S23]	HECT domain E3 ubiquitin protein ligase 1 [Source:HGNC Symbol;Acc:HGNC:20157]	ARRAYEXPRESS,ENSG	ENSG00000092148
ENSG00000100629	CEP128	1	chr14	4	4	0	0/1[4], 0/0[7], ./.[1]	0/0[11]	3.MODERATE	missense_variant	0/1[S1+S4+S5+S14]; 0/0[S6+S9+S10+S13+S15+S17+S18]; ./.[S16]	0/0[S2+S3+S7+S8+S11+S12+S19+S20+S21+S22+S23]	centrosomal protein 128 [Source:HGNC Symbol;Acc:HGNC:20359]	ARRAYEXPRESS,ENSG	ENSG00000100629
ENSG00000101307	SIRPB1	1	chr20	4	4	0	0/0[7], 0/1[4], ./.[1]	0/0[11]	3.MODERATE	missense_variant	0/0[S1+S4+S6+S9+S15+S17+S18]; 0/1[S5+S10+S13+S14]; ./.[S16]	0/0[S2+S3+S7+S8+S11+S12+S19+S20+S21+S22+S23]	signal regulatory protein beta 1 [Source:HGNC Symbol;Acc:HGNC:15928]	ARRAYEXPRESS,ENSG	ENSG00000101307
ENSG00000102763	VWA8	1	chr13	4	4	0	0/0[8], 0/1[2], ./.[1], 1/1[1]	0/0[11]	3.MODERATE	missense_variant	0/0[S1+S4+S5+S6+S9+S10+S14+S15]; 0/1[S13+S17]; ./.[S16]; 1/1[S18]	0/0[S2+S3+S7+S8+S11+S12+S19+S20+S21+S22+S23]	von Willebrand factor A domain containing 8 [Source:HGNC Symbol;Acc:HGNC:29071]	ARRAYEXPRESS,ENSG	ENSG00000102763
ENSG00000106351	AGFG2	1	chr7	4	4	0	0/0[7], 0|1[1], 0/1[3], ./.[1]	0/0[11]	3.MODERATE	missense_variant	0/0[S1+S6+S9+S10+S13+S14+S17]; 0|1[S4]; 0/1[S5+S15+S18]; ./.[S16]	0/0[S2+S3+S7+S8+S11+S12+S19+S20+S21+S22+S23]	ArfGAP with FG repeats 2 [Source:HGNC Symbol;Acc:HGNC:5177]	ARRAYEXPRESS,ENSG	ENSG00000106351
ENSG00000108878	CACNG1	1	chr17	4	4	0	0/1[4], 0/0[7], ./.[1]	0/0[11]	3.MODERATE	missense_variant	0/1[S1+S13+S15+S17]; 0/0[S4+S5+S6+S9+S10+S14+S18]; ./.[S16]	0/0[S2+S3+S7+S8+S11+S12+S19+S20+S21+S22+S23]	calcium voltage-gated channel auxiliary subunit gamma 1 [Source:HGNC Symbol;Acc:HGNC:1405]	ARRAYEXPRESS,ENSG	ENSG00000108878
ENSG00000110104	CCDC86	1	chr11	4	4	0	0/0[7], 0/1[3], 0|1[1], ./.[1]	0/0[11]	3.MODERATE	missense_variant	0/0[S1+S5+S6+S9+S13+S14+S18]; 0/1[S4+S10+S17]; 0|1[S15]; ./.[S16]	0/0[S2+S3+S7+S8+S11+S12+S19+S20+S21+S22+S23]	coiled-coil domain containing 86 [Source:HGNC Symbol;Acc:HGNC:28359]	ARRAYEXPRESS,ENSG	ENSG00000110104
ENSG00000112297	CRYBG1	1	chr6	4	4	0	0/1[4], 0/0[7], ./.[1]	0/0[11]	3.MODERATE	missense_variant	0/1[S1+S6+S14+S17]; 0/0[S4+S5+S9+S10+S13+S15+S18]; ./.[S16]	0/0[S2+S3+S7+S8+S11+S12+S19+S20+S21+S22+S23]	crystallin beta-gamma domain containing 1 [Source:HGNC Symbol;Acc:HGNC:356]	ARRAYEXPRESS,ENSG	ENSG00000112297
ENSG00000115459	ELMOD3	1	chr2	4	4	0	0/0[7], 0/1[3], 0|1[1], ./.[1]	0/0[11]	3.MODERATE	missense_variant	0/0[S1+S4+S6+S10+S13+S17+S18]; 0/1[S5+S14+S15]; 0|1[S9]; ./.[S16]	0/0[S2+S3+S7+S8+S11+S12+S19+S20+S21+S22+S23]	ELMO domain containing 3 [Source:HGNC Symbol;Acc:HGNC:26158]	ARRAYEXPRESS,ENSG	ENSG00000115459
ENSG00000115464	USP34	1	chr2	4	4	0	0/1[4], 0/0[7], ./.[1]	0/0[11]	3.MODERATE	missense_variant	0/1[S1+S5+S9+S17]; 0/0[S4+S6+S10+S13+S14+S15+S18]; ./.[S16]	0/0[S2+S3+S7+S8+S11+S12+S19+S20+S21+S22+S23]	ubiquitin specific peptidase 34 [Source:HGNC Symbol;Acc:HGNC:20066]	ARRAYEXPRESS,ENSG	ENSG00000115464
ENSG00000124003	MOGAT1	1	chr2	4	4	0	0/1[4], 0/0[7], ./.[1]	0/0[11]	3.MODERATE	missense_variant	0/1[S1+S6+S10+S18]; 0/0[S4+S5+S9+S13+S14+S15+S17]; ./.[S16]	0/0[S2+S3+S7+S8+S11+S12+S19+S20+S21+S22+S23]	monoacylglycerol O-acyltransferase 1 [Source:HGNC Symbol;Acc:HGNC:18210]	ARRAYEXPRESS,ENSG	ENSG00000124003
ENSG00000128815	WDFY4	1	chr10	4	4	0	1/1[1], 0/1[2], 0/0[8], ./.[1]	0/0[11]	3.MODERATE	missense_variant	1/1[S1]; 0/1[S4+S14]; 0/0[S5+S6+S9+S10+S13+S15+S17+S18]; ./.[S16]	0/0[S2+S3+S7+S8+S11+S12+S19+S20+S21+S22+S23]	WDFY family member 4 [Source:HGNC Symbol;Acc:HGNC:29323]	ARRAYEXPRESS,ENSG	ENSG00000128815
ENSG00000129534	MIS18BP1	1	chr14	4	4	0	0/0[7], 0/1[4], ./.[1]	0/0[11]	3.MODERATE	missense_variant&splice_region_variant	0/0[S1+S4+S5+S6+S9+S15+S18]; 0/1[S10+S13+S14+S17]; ./.[S16]	0/0[S2+S3+S7+S8+S11+S12+S19+S20+S21+S22+S23]	MIS18 binding protein 1 [Source:HGNC Symbol;Acc:HGNC:20190]	ARRAYEXPRESS,ENSG	ENSG00000129534
ENSG00000136243	NUP42	1	chr7	4	4	0	0/0[7], 0/1[4], ./.[1]	0/0[11]	3.MODERATE	inframe_insertion	0/0[S1+S4+S9+S10+S15+S17+S18]; 0/1[S5+S6+S13+S14]; ./.[S16]	0/0[S2+S3+S7+S8+S11+S12+S19+S20+S21+S22+S23]	nucleoporin 42 [Source:HGNC Symbol;Acc:HGNC:17010]	ARRAYEXPRESS,ENSG	ENSG00000136243
ENSG00000137216	TMEM63B	1	chr6	4	4	0	0/0[7], 0/1[4], ./.[1]	0/0[11]	3.MODERATE	missense_variant	0/0[S1+S4+S5+S6+S9+S14+S17]; 0/1[S10+S13+S15+S18]; ./.[S16]	0/0[S2+S3+S7+S8+S11+S12+S19+S20+S21+S22+S23]	transmembrane protein 63B [Source:HGNC Symbol;Acc:HGNC:17735]	ARRAYEXPRESS,ENSG	ENSG00000137216
ENSG00000137809	ITGA11	1	chr15	4	4	0	0/0[7], 0/1[4], ./.[1]	0/0[11]	2.LOW	splice_polypyrimidine_tract_variant&intron_variant&non_coding_transcript_variant	0/0[S1+S4+S5+S10+S13+S14+S17]; 0/1[S6+S9+S15+S18]; ./.[S16]	0/0[S2+S3+S7+S8+S11+S12+S19+S20+S21+S22+S23]	integrin subunit alpha 11 [Source:HGNC Symbol;Acc:HGNC:6136]	ARRAYEXPRESS,ENSG	ENSG00000137809
ENSG00000137965	IFI44	1	chr1	4	4	0	0/1[4], 0/0[7], ./.[1]	0/0[11]	3.MODERATE	missense_variant	0/1[S1+S4+S6+S18]; 0/0[S5+S9+S10+S13+S14+S15+S17]; ./.[S16]	0/0[S2+S3+S7+S8+S11+S12+S19+S20+S21+S22+S23]	interferon induced protein 44 [Source:HGNC Symbol;Acc:HGNC:16938]	ARRAYEXPRESS,ENSG	ENSG00000137965
ENSG00000141338	ABCA8	1	chr17	4	4	0	0/0[7], 0/1[4], ./.[1]	0/0[11]	3.MODERATE	missense_variant	0/0[S1+S4+S5+S6+S10+S13+S17]; 0/1[S9+S14+S15+S18]; ./.[S16]	0/0[S2+S3+S7+S8+S11+S12+S19+S20+S21+S22+S23]	ATP binding cassette subfamily A member 8 [Source:HGNC Symbol;Acc:HGNC:38]	ARRAYEXPRESS,ENSG	ENSG00000141338
ENSG00000146221	TCTE1	1	chr6	4	4	0	0/0[7], 0/1[4], ./.[1]	0/0[11]	3.MODERATE	missense_variant	0/0[S1+S4+S6+S13+S14+S17+S18]; 0/1[S5+S9+S10+S15]; ./.[S16]	0/0[S2+S3+S7+S8+S11+S12+S19+S20+S21+S22+S23]	t-complex-associated-testis-expressed 1 [Source:HGNC Symbol;Acc:HGNC:11693]	ARRAYEXPRESS,ENSG	ENSG00000146221
ENSG00000146839	ZAN	1	chr7	4	4	0	0/0[8], 1/1[1], 0/1[2], ./.[1]	0/0[11]	3.MODERATE	inframe_deletion&nmd_transcript_variant	0/0[S1+S4+S6+S9+S10+S15+S17+S18]; 1/1[S5]; 0/1[S13+S14]; ./.[S16]	0/0[S2+S3+S7+S8+S11+S12+S19+S20+S21+S22+S23]	zonadhesin [Source:HGNC Symbol;Acc:HGNC:12857]	ARRAYEXPRESS,ENSG	ENSG00000146839
ENSG00000148288	GBGT1	1	chr9	4	4	0	0/0[7], 0/1[4], ./.[1]	0/0[11]	2.LOW	splice_polypyrimidine_tract_variant&intron_variant	0/0[S1+S4+S6+S9+S10+S13+S14]; 0/1[S5+S15+S17+S18]; ./.[S16]	0/0[S2+S3+S7+S8+S11+S12+S19+S20+S21+S22+S23]	globoside alpha-1,3-N-acetylgalactosaminyltransferase 1 (FORS blood group) [Source:HGNC Symbol;Acc:HGNC:20460]	ARRAYEXPRESS,ENSG	ENSG00000148288
ENSG00000151914	DST	1	chr6	4	4	0	0/1[2], 0/0[8], 1/1[1], ./.[1]	0/0[11]	3.MODERATE	missense_variant	0/1[S1+S14]; 0/0[S4+S5+S6+S9+S10+S15+S17+S18]; 1/1[S13]; ./.[S16]	0/0[S2+S3+S7+S8+S11+S12+S19+S20+S21+S22+S23]	dystonin [Source:HGNC Symbol;Acc:HGNC:1090]	ARRAYEXPRESS,ENSG	ENSG00000151914
ENSG00000153165	RGPD3	1	chr2	4	4	0	0/0[7], 0/1[4], ./.[1]	0/0[11]	3.MODERATE	missense_variant	0/0[S1+S5+S6+S10+S13+S15+S17]; 0/1[S4+S9+S14+S18]; ./.[S16]	0/0[S2+S3+S7+S8+S11+S12+S19+S20+S21+S22+S23]	RANBP2 like and GRIP domain containing 3 [Source:HGNC Symbol;Acc:HGNC:32416]	ARRAYEXPRESS,ENSG	ENSG00000153165
ENSG00000154227	CERS3	1	chr15	4	4	0	0/1[4], 0/0[7], ./.[1]	0/0[11]	3.MODERATE	missense_variant	0/1[S1+S5+S10+S17]; 0/0[S4+S6+S9+S13+S14+S15+S18]; ./.[S16]	0/0[S2+S3+S7+S8+S11+S12+S19+S20+S21+S22+S23]	ceramide synthase 3 [Source:HGNC Symbol;Acc:HGNC:23752]	ARRAYEXPRESS,ENSG	ENSG00000154227
ENSG00000159259	CHAF1B	1	chr21	4	4	0	0/0[7], 0/1[4], ./.[1]	0/0[11]	3.MODERATE	missense_variant	0/0[S1+S4+S9+S13+S14+S17+S18]; 0/1[S5+S6+S10+S15]; ./.[S16]	0/0[S2+S3+S7+S8+S11+S12+S19+S20+S21+S22+S23]	chromatin assembly factor 1 subunit B [Source:HGNC Symbol;Acc:HGNC:1911]	ARRAYEXPRESS,ENSG	ENSG00000159259
ENSG00000164002	EXO5	1	chr1	4	4	0	0/0[9], 0/1[2], 1/1[1]	0/0[11]	3.MODERATE	missense_variant	0/0[S1+S4+S5+S9+S13+S14+S15+S17+S18]; 0/1[S6+S10]; 1/1[S16]	0/0[S2+S3+S7+S8+S11+S12+S19+S20+S21+S22+S23]	exonuclease 5 [Source:HGNC Symbol;Acc:HGNC:26115]	ARRAYEXPRESS,ENSG	ENSG00000164002
ENSG00000164199	ADGRV1	1	chr5	4	4	0	1/1[1], 0/0[8], 0/1[2], ./.[1]	0/0[11]	3.MODERATE	missense_variant	1/1[S1]; 0/0[S4+S5+S6+S9+S14+S15+S17+S18]; 0/1[S10+S13]; ./.[S16]	0/0[S2+S3+S7+S8+S11+S12+S19+S20+S21+S22+S23]	adhesion G protein-coupled receptor V1 [Source:HGNC Symbol;Acc:HGNC:17416]	ARRAYEXPRESS,ENSG	ENSG00000164199
ENSG00000168930	TRIM49	1	chr11	4	4	0	0/0[7], 0|1[4], ./.[1]	0/0[11]	3.MODERATE	missense_variant	0/0[S1+S6+S9+S10+S13+S14+S18]; 0|1[S4+S5+S15+S17]; ./.[S16]	0/0[S2+S3+S7+S8+S11+S12+S19+S20+S21+S22+S23]	tripartite motif containing 49 [Source:HGNC Symbol;Acc:HGNC:13431]	ARRAYEXPRESS,ENSG	ENSG00000168930
ENSG00000170893	TRH	1	chr3	4	4	0	0/1[4], 0/0[7], ./.[1]	0/0[11]	3.MODERATE	missense_variant	0/1[S1+S10+S14+S18]; 0/0[S4+S5+S6+S9+S13+S15+S17]; ./.[S16]	0/0[S2+S3+S7+S8+S11+S12+S19+S20+S21+S22+S23]	thyrotropin releasing hormone [Source:HGNC Symbol;Acc:HGNC:12298]	ARRAYEXPRESS,ENSG	ENSG00000170893
ENSG00000173464	RNASE11	1	chr14	4	4	0	0/1[4], 0/0[7], ./.[1]	0/0[11]	3.MODERATE	missense_variant	0/1[S1+S4+S14+S15]; 0/0[S5+S6+S9+S10+S13+S17+S18]; ./.[S16]	0/0[S2+S3+S7+S8+S11+S12+S19+S20+S21+S22+S23]	ribonuclease A family member 11 (inactive) [Source:HGNC Symbol;Acc:HGNC:19269]	ARRAYEXPRESS,ENSG	ENSG00000173464
ENSG00000175707	KDF1	1	chr1	4	4	0	0/1[4], 0/0[7], ./.[1]	0/0[11]	3.MODERATE	missense_variant	0/1[S1+S10+S13+S18]; 0/0[S4+S5+S6+S9+S14+S15+S17]; ./.[S16]	0/0[S2+S3+S7+S8+S11+S12+S19+S20+S21+S22+S23]	keratinocyte differentiation factor 1 [Source:HGNC Symbol;Acc:HGNC:26624]	ARRAYEXPRESS,ENSG	ENSG00000175707
ENSG00000180071	ANKRD18A	1	chr9	4	4	0	1/1[1], 0/0[8], 0/1[2], ./.[1]	0/0[11]	3.MODERATE	missense_variant	1/1[S1]; 0/0[S4+S6+S9+S13+S14+S15+S17+S18]; 0/1[S5+S10]; ./.[S16]	0/0[S2+S3+S7+S8+S11+S12+S19+S20+S21+S22+S23]	ankyrin repeat domain 18A [Source:HGNC Symbol;Acc:HGNC:23643]	ARRAYEXPRESS,ENSG	ENSG00000180071
ENSG00000184292	TACSTD2	1	chr1	4	4	0	0/1[4], 0/0[7], ./.[1]	0/0[11]	3.MODERATE	missense_variant	0/1[S1+S14+S15+S17]; 0/0[S4+S5+S6+S9+S10+S13+S18]; ./.[S16]	0/0[S2+S3+S7+S8+S11+S12+S19+S20+S21+S22+S23]	tumor associated calcium signal transducer 2 [Source:HGNC Symbol;Acc:HGNC:11530]	ARRAYEXPRESS,ENSG	ENSG00000184292
ENSG00000184923	NUTM2A	1	chr10	4	4	0	0/0[8], 0|1[2], 1|1[1], ./.[1]	0/0[10], ./.[1]	3.MODERATE	missense_variant	0/0[S1+S4+S5+S6+S9+S10+S14+S18]; 0|1[S13+S17]; 1|1[S15]; ./.[S16]	0/0[S2+S3+S8+S11+S12+S19+S20+S21+S22+S23]; ./.[S7]	NUT family member 2A [Source:HGNC Symbol;Acc:HGNC:23438]	ARRAYEXPRESS,ENSG	ENSG00000184923
ENSG00000185479	KRT6B	1	chr12	4	4	0	0/0[7], 0/1[4], ./.[1]	0/0[11]	3.MODERATE	missense_variant	0/0[S1+S4+S10+S14+S15+S17+S18]; 0/1[S5+S6+S9+S13]; ./.[S16]	0/0[S2+S3+S7+S8+S11+S12+S19+S20+S21+S22+S23]	keratin 6B [Source:HGNC Symbol;Acc:HGNC:6444]	ARRAYEXPRESS,ENSG	ENSG00000185479
ENSG00000185842	DNAH14	1	chr1	4	4	0	0/0[7], 0/1[4], ./.[1]	0/0[11]	3.MODERATE	missense_variant&nmd_transcript_variant	0/0[S1+S4+S5+S9+S10+S15+S18]; 0/1[S6+S13+S14+S17]; ./.[S16]	0/0[S2+S3+S7+S8+S11+S12+S19+S20+S21+S22+S23]	dynein axonemal heavy chain 14 [Source:HGNC Symbol;Acc:HGNC:2945]	ARRAYEXPRESS,ENSG	ENSG00000185842
ENSG00000186998	EMID1	1	chr22	4	4	0	1/1[1], 0/0[8], 0/1[2], ./.[1]	0/0[11]	3.MODERATE	missense_variant&splice_region_variant	1/1[S1]; 0/0[S4+S6+S9+S10+S13+S14+S17+S18]; 0/1[S5+S15]; ./.[S16]	0/0[S2+S3+S7+S8+S11+S12+S19+S20+S21+S22+S23]	EMI domain containing 1 [Source:HGNC Symbol;Acc:HGNC:18036]	ARRAYEXPRESS,ENSG	ENSG00000186998
ENSG00000187135	VSTM2B	1	chr19	4	4	0	0/0[8], 0/1[2], ./.[1], 1/1[1]	0/0[11]	3.MODERATE	missense_variant	0/0[S1+S4+S5+S10+S13+S14+S15+S17]; 0/1[S6+S9]; ./.[S16]; 1/1[S18]	0/0[S2+S3+S7+S8+S11+S12+S19+S20+S21+S22+S23]	V-set and transmembrane domain containing 2B [Source:HGNC Symbol;Acc:HGNC:33595]	ARRAYEXPRESS,ENSG	ENSG00000187135
ENSG00000196228	SULT1C3	1	chr2	4	4	0	0/1[4], 0/0[7], ./.[1]	0/0[11]	3.MODERATE	missense_variant	0/1[S1+S4+S15+S17]; 0/0[S5+S6+S9+S10+S13+S14+S18]; ./.[S16]	0/0[S2+S3+S7+S8+S11+S12+S19+S20+S21+S22+S23]	sulfotransferase family 1C member 3 [Source:HGNC Symbol;Acc:HGNC:33543]	ARRAYEXPRESS,ENSG	ENSG00000196228
ENSG00000197599	CCDC154	1	chr16	4	4	0	0/1[2], 0/0[8], 1/1[1], ./.[1]	0/0[11]	3.MODERATE	missense_variant	0/1[S1+S4]; 0/0[S5+S6+S9+S10+S13+S15+S17+S18]; 1/1[S14]; ./.[S16]	0/0[S2+S3+S7+S8+S11+S12+S19+S20+S21+S22+S23]	coiled-coil domain containing 154 [Source:HGNC Symbol;Acc:HGNC:34454]	ARRAYEXPRESS,ENSG	ENSG00000197599
ENSG00000204815	ODAD4	1	chr17	4	4	0	0/0[8], 0/1[2], ./.[1], 1/1[1]	0/0[11]	3.MODERATE	missense_variant	0/0[S1+S4+S5+S6+S9+S10+S14+S15]; 0/1[S13+S17]; ./.[S16]; 1/1[S18]	0/0[S2+S3+S7+S8+S11+S12+S19+S20+S21+S22+S23]	outer dynein arm docking complex subunit 4 [Source:HGNC Symbol;Acc:HGNC:25280]	ARRAYEXPRESS,ENSG	ENSG00000204815
ENSG00000205592	MUC19	1	chr12	4	4	0	0/1[4], 0/0[7], ./.[1]	0/0[11]	3.MODERATE	missense_variant	0/1[S1+S4+S5+S9]; 0/0[S6+S10+S13+S14+S15+S17+S18]; ./.[S16]	0/0[S2+S3+S7+S8+S11+S12+S19+S20+S21+S22+S23]	mucin 19, oligomeric [Source:HGNC Symbol;Acc:HGNC:14362]	ARRAYEXPRESS,ENSG	ENSG00000205592
ENSG00000206260	PRR23A	1	chr3	4	4	0	0/0[7], 0/1[4], ./.[1]	0/0[11]	3.MODERATE	missense_variant	0/0[S1+S4+S9+S10+S14+S15+S17]; 0/1[S5+S6+S13+S18]; ./.[S16]	0/0[S2+S3+S7+S8+S11+S12+S19+S20+S21+S22+S23]	proline rich 23A [Source:HGNC Symbol;Acc:HGNC:37172]	ARRAYEXPRESS,ENSG	ENSG00000206260
ENSG00000211649	IGLV7-46	1	chr22	4	4	0	1/1[7], 0/1[4], ./.[1]	1/1[11]	3.MODERATE	missense_variant	1/1[S1+S4+S10+S13+S15+S17+S18]; 0/1[S5+S6+S9+S14]; ./.[S16]	1/1[S2+S3+S7+S8+S11+S12+S19+S20+S21+S22+S23]	immunoglobulin lambda variable 7-46 [Source:HGNC Symbol;Acc:HGNC:5930]	ARRAYEXPRESS,ENSG	ENSG00000211649
ENSG00000214078	CPNE1	1	chr20	4	4	0	0/1[4], 0/0[7], ./.[1]	0/0[11]	3.MODERATE	missense_variant	0/1[S1+S5+S9+S13]; 0/0[S4+S6+S10+S14+S15+S17+S18]; ./.[S16]	0/0[S2+S3+S7+S8+S11+S12+S19+S20+S21+S22+S23]	copine 1 [Source:HGNC Symbol;Acc:HGNC:2314]	ARRAYEXPRESS,ENSG	ENSG00000214078
ENSG00000214491	SEC14L6	1	chr22	4	4	0	1/1[7], 0/1[4], ./.[1]	1/1[11]	3.MODERATE	missense_variant	1/1[S1+S5+S9+S14+S15+S17+S18]; 0/1[S4+S6+S10+S13]; ./.[S16]	1/1[S2+S3+S7+S8+S11+S12+S19+S20+S21+S22+S23]	SEC14 like lipid binding 6 [Source:HGNC Symbol;Acc:HGNC:40047]	ARRAYEXPRESS,ENSG	ENSG00000214491
ENSG00000215182	MUC5AC	1	chr11	4	4	0	0/0[7], 0/1[4], ./.[1]	0/0[11]	3.MODERATE	missense_variant	0/0[S1+S4+S6+S9+S13+S14+S15]; 0/1[S5+S10+S17+S18]; ./.[S16]	0/0[S2+S3+S7+S8+S11+S12+S19+S20+S21+S22+S23]	mucin 5AC, oligomeric mucus/gel-forming [Source:HGNC Symbol;Acc:HGNC:7515]	ARRAYEXPRESS,ENSG	ENSG00000215182
ENSG00000222038	POTEJ	1	chr2	4	4	0	0/0[7], 0/1[4], ./.[1]	0/0[11]	3.MODERATE	missense_variant	0/0[S1+S5+S6+S10+S13+S14+S18]; 0/1[S4+S9+S15+S17]; ./.[S16]	0/0[S2+S3+S7+S8+S11+S12+S19+S20+S21+S22+S23]	POTE ankyrin domain family member J [Source:HGNC Symbol;Acc:HGNC:37094]	ARRAYEXPRESS,ENSG	ENSG00000222038
