Gene	nVariants	CHROM	C_A_sum	C_A_list	C_U_sum	Consequence_cons_list	IMPACT_cons(higest)	nGT_cases	nGT_cases_uniq	GT_cases	nGT_controls	GT_controls
ENSG00000000938	1	chr1	5	5	0	frameshift_variant	4.HIGH	0/0[11], 0|1[1]	0/0[11] &  0|1[1]	0/0[S1+S4+S5+S6+S10+S13+S14+S15+S16+S17+S18]; 0|1[S9]	0/0[8], 0|1[2], 1|1[1]	0/0[S2+S3+S11+S12+S19+S20+S22+S23]; 0|1[S7+S21]; 1|1[S8]
ENSG00000003989	1	chr8	4	4	0	missense_variant	3.MODERATE	0/0[11], 0/1[1]	0/0[11] &  0/1[1]	0/0[S1+S4+S6+S9+S10+S13+S14+S15+S16+S17+S18]; 0/1[S5]	0/1[3], 0/0[8]	0/1[S2+S20+S21]; 0/0[S3+S7+S8+S11+S12+S19+S22+S23]
ENSG00000007944	1	chr6	4	4	0	missense_variant	3.MODERATE	0/0[11], 0/1[1]	0/0[11] &  0/1[1]	0/0[S1+S4+S5+S9+S10+S13+S14+S15+S16+S17+S18]; 0/1[S6]	0/0[8], ./.[1], 1/1[1], 0/1[1]	0/0[S2+S3+S7+S11+S12+S21+S22+S23]; ./.[S8]; 1/1[S19]; 0/1[S20]
ENSG00000011028	2	chr17	8	4+4	0	frameshift_variant; frameshift_variant	4.HIGH; 4.HIGH	0/0[11], 0|1[1] & 0/0[11], 0|1[1]	0/0[11] &  0|1[1]	0/0[S1+S4+S5+S6+S10+S13+S14+S15+S16+S17+S18]; 0|1[S9] & 0/0[S1+S4+S5+S6+S10+S13+S14+S15+S16+S17+S18]; 0|1[S9]	0/0[9], 1|1[1], 0|1[1] & 0/0[9], 1|1[1], 0|1[1]	0/0[S2+S3+S7+S11+S12+S19+S21+S22+S23]; 1|1[S8]; 0|1[S20] & 0/0[S2+S3+S7+S11+S12+S19+S21+S22+S23]; 1|1[S8]; 0|1[S20]
ENSG00000047578	1	chr16	4	4	0	missense_variant	3.MODERATE	0/0[12]	0/0[12]	0/0[S1+S4+S5+S6+S9+S10+S13+S14+S15+S16+S17+S18]	0/0[8], 1/1[1], 0/1[2]	0/0[S2+S3+S8+S11+S12+S20+S22+S23]; 1/1[S7]; 0/1[S19+S21]
ENSG00000049239	1	chr1	5	5	0	splice_acceptor_variant&5_prime_utr_variant&intron_variant	4.HIGH	0/0[10], 0/1[2]	0/0[10] &  0/1[2]	0/0[S1+S4+S6+S9+S13+S14+S15+S16+S17+S18]; 0/1[S5+S10]	0/0[8], ./.[1], 0/1[1], 1/1[1]	0/0[S2+S3+S7+S11+S12+S21+S22+S23]; ./.[S8]; 0/1[S19]; 1/1[S20]
ENSG00000062524	1	chr15	5	5	0	missense_variant	3.MODERATE	1/1[1], 0/0[10], 0/1[1]	1/1[1] &  0/0[10] &  0/1[1]	1/1[S1]; 0/0[S4+S5+S9+S10+S13+S14+S15+S16+S17+S18]; 0/1[S6]	0/0[8], ./.[1], 0/1[2]	0/0[S2+S3+S7+S11+S12+S21+S22+S23]; ./.[S8]; 0/1[S19+S20]
ENSG00000064313	2	chr8	8	4+4	0	missense_variant; missense_variant	3.MODERATE; 3.MODERATE	0/0[11], 0/1[1] & 0/0[11], 0/1[1]	0/0[11] &  0/1[1]	0/0[S1+S4+S6+S9+S10+S13+S14+S15+S16+S17+S18]; 0/1[S5] & 0/0[S1+S4+S6+S9+S10+S13+S14+S15+S16+S17+S18]; 0/1[S5]	0/0[8], ./.[1], 1/1[1], 0/1[1] & 0/0[8], ./.[1], 1/1[1], 0/1[1]	0/0[S2+S3+S7+S12+S20+S21+S22+S23]; ./.[S8]; 1/1[S11]; 0/1[S19] & 0/0[S2+S3+S7+S12+S20+S21+S22+S23]; ./.[S8]; 1/1[S11]; 0/1[S19]
ENSG00000069943	1	chr15	4	4	0	missense_variant	3.MODERATE	0/0[11], 0/1[1]	0/0[11] &  0/1[1]	0/0[S1+S4+S5+S9+S10+S13+S14+S15+S16+S17+S18]; 0/1[S6]	0/1[3], 0/0[7], ./.[1]	0/1[S2+S7+S21]; 0/0[S3+S11+S12+S19+S20+S22+S23]; ./.[S8]
ENSG00000077238	1	chr16	4	4	0	missense_variant	3.MODERATE	0/0[10], 0/1[2]	0/0[10] &  0/1[2]	0/0[S1+S4+S6+S10+S13+S14+S15+S16+S17+S18]; 0/1[S5+S9]	0/0[8], ./.[1], 0/1[2]	0/0[S2+S3+S7+S12+S19+S21+S22+S23]; ./.[S8]; 0/1[S11+S20]
ENSG00000079263	1	chr2	4	4	0	missense_variant	3.MODERATE	0/0[11], 1|1[1]	0/0[11] &  1|1[1]	0/0[S1+S4+S6+S9+S10+S13+S14+S15+S16+S17+S18]; 1|1[S5]	0/0[8], ./.[1], 0|1[2]	0/0[S2+S3+S7+S11+S12+S20+S22+S23]; ./.[S8]; 0|1[S19+S21]
ENSG00000089335	1	chr19	6	6	0	missense_variant	3.MODERATE	0/0[10], 0/1[1], 1/1[1]	0/0[10] &  0/1[1] &  1/1[1]	0/0[S1+S4+S5+S9+S13+S14+S15+S16+S17+S18]; 0/1[S6]; 1/1[S10]	0/0[8], 0/1[3]	0/0[S2+S3+S8+S11+S12+S19+S22+S23]; 0/1[S7+S20+S21]
ENSG00000092148	1	chr14	4	4	0	missense_variant	3.MODERATE	0/0[11], 0/1[1]	0/0[11] &  0/1[1]	0/0[S1+S4+S5+S9+S10+S13+S14+S15+S16+S17+S18]; 0/1[S6]	0/0[8], 0/1[1], ./.[1], 1/1[1]	0/0[S2+S3+S11+S12+S19+S20+S22+S23]; 0/1[S7]; ./.[S8]; 1/1[S21]
ENSG00000095485	1	chr10	5	5	0	missense_variant	3.MODERATE	0/1[1], 0/0[11]	0/1[1] &  0/0[11]	0/1[S1]; 0/0[S4+S5+S6+S9+S10+S13+S14+S15+S16+S17+S18]	0/0[7], 0/1[2], ./.[1], 1/1[1]	0/0[S2+S3+S12+S19+S21+S22+S23]; 0/1[S7+S20]; ./.[S8]; 1/1[S11]
ENSG00000100629	1	chr14	4	4	0	missense_variant	3.MODERATE	0/0[11], 0/1[1]	0/0[11] &  0/1[1]	0/0[S1+S4+S5+S9+S10+S13+S14+S15+S16+S17+S18]; 0/1[S6]	0/0[7], ./.[1], 0/1[3]	0/0[S2+S3+S7+S12+S21+S22+S23]; ./.[S8]; 0/1[S11+S19+S20]
ENSG00000101004	1	chr20	5	5	0	missense_variant	3.MODERATE	0/0[9], 1/1[1], 0/1[2]	0/0[9] &  1/1[1] &  0/1[2]	0/0[S1+S4+S9+S13+S14+S15+S16+S17+S18]; 1/1[S5]; 0/1[S6+S10]	0/0[9], ./.[1], 0/1[1]	0/0[S2+S3+S7+S12+S19+S20+S21+S22+S23]; ./.[S8]; 0/1[S11]
ENSG00000101307	1	chr20	4	4	0	missense_variant	3.MODERATE	0/0[10], 0/1[2]	0/0[10] &  0/1[2]	0/0[S1+S4+S9+S10+S13+S14+S15+S16+S17+S18]; 0/1[S5+S6]	0/1[2], 0/0[8], ./.[1]	0/1[S2+S20]; 0/0[S3+S7+S11+S12+S19+S21+S22+S23]; ./.[S8]
ENSG00000102763	1	chr13	4	4	0	missense_variant	3.MODERATE	0/0[9], 0/1[2], 1/1[1]	0/0[9] &  0/1[2] &  1/1[1]	0/0[S1+S4+S6+S13+S14+S15+S16+S17+S18]; 0/1[S5+S9]; 1/1[S10]	0/0[10], ./.[1]	0/0[S2+S3+S7+S11+S12+S19+S20+S21+S22+S23]; ./.[S8]
ENSG00000103326	1	chr16	5	5	0	splice_donor_variant	4.HIGH	0/0[10], 1/1[1], 0/1[1]	0/0[10] &  1/1[1] &  0/1[1]	0/0[S1+S4+S6+S10+S13+S14+S15+S16+S17+S18]; 1/1[S5]; 0/1[S9]	0/0[8], ./.[1], 0/1[2]	0/0[S2+S3+S7+S12+S20+S21+S22+S23]; ./.[S8]; 0/1[S11+S19]
ENSG00000105855	1	chr7	5	5	0	frameshift_variant	4.HIGH	0|0[2], 0/0[8], 0/1[2]	0|0[2] &  0/0[8] &  0/1[2]	0|0[S1+S13]; 0/0[S4+S5+S10+S14+S15+S16+S17+S18]; 0/1[S6+S9]	0/0[6], 0/1[1], 0|1[2], 0|0[2]	0/0[S2+S3+S7+S19+S20+S22]; 0/1[S8]; 0|1[S11+S21]; 0|0[S12+S23]
ENSG00000106351	1	chr7	4	4	0	missense_variant	3.MODERATE	0/0[11], 0/1[1]	0/0[11] &  0/1[1]	0/0[S1+S4+S5+S6+S9+S13+S14+S15+S16+S17+S18]; 0/1[S10]	0/0[7], 0/1[2], ./.[1], 0|1[1]	0/0[S2+S3+S11+S12+S21+S22+S23]; 0/1[S7+S20]; ./.[S8]; 0|1[S19]
ENSG00000108175	7	chr10	31	5+5+5+4+4+4+4	0	frameshift_variant; missense_variant; frameshift_variant; frameshift_variant; frameshift_variant; frameshift_variant; frameshift_variant	4.HIGH; 3.MODERATE; 4.HIGH; 4.HIGH; 4.HIGH; 4.HIGH; 4.HIGH	0/0[12] & 0/0[12] & 0/0[12] & 0/0[12] & 0/0[12] & 0/0[12] & 0/0[12]	0/0[12]	0/0[S1+S4+S5+S6+S9+S10+S13+S14+S15+S16+S17+S18] & 0/0[S1+S4+S5+S6+S9+S10+S13+S14+S15+S16+S17+S18] & 0/0[S1+S4+S5+S6+S9+S10+S13+S14+S15+S16+S17+S18] & 0/0[S1+S4+S5+S6+S9+S10+S13+S14+S15+S16+S17+S18] & 0/0[S1+S4+S5+S6+S9+S10+S13+S14+S15+S16+S17+S18] & 0/0[S1+S4+S5+S6+S9+S10+S13+S14+S15+S16+S17+S18] & 0/0[S1+S4+S5+S6+S9+S10+S13+S14+S15+S16+S17+S18]	0/0[7], 1|1[1], 0|1[3] & 0/0[7], 1|1[1], 0|1[3] & 0/0[7], 1|1[1], 0|1[3] & 0/0[7], 0|1[4] & 0/0[7], 0|1[4] & 0/0[7], 1|1[1], 0|0[1], 0|1[2] & 0/0[7], 1|1[1], 0|1[2], 0|0[1]	0/0[S2+S3+S7+S12+S21+S22+S23]; 1|1[S8]; 0|1[S11+S19+S20] & 0/0[S2+S3+S7+S12+S21+S22+S23]; 1|1[S8]; 0|1[S11+S19+S20] & 0/0[S2+S3+S7+S12+S21+S22+S23]; 1|1[S8]; 0|1[S11+S19+S20] & 0/0[S2+S3+S7+S12+S21+S22+S23]; 0|1[S8+S11+S19+S20] & 0/0[S2+S3+S7+S12+S21+S22+S23]; 0|1[S8+S11+S19+S20] & 0/0[S2+S3+S7+S12+S21+S22+S23]; 1|1[S8]; 0|0[S11]; 0|1[S19+S20] & 0/0[S2+S3+S7+S12+S21+S22+S23]; 1|1[S8]; 0|1[S11+S19]; 0|0[S20]
ENSG00000108878	1	chr17	4	4	0	missense_variant	3.MODERATE	0/0[10], 0/1[2]	0/0[10] &  0/1[2]	0/0[S1+S4+S6+S10+S13+S14+S15+S16+S17+S18]; 0/1[S5+S9]	0/0[8], 0/1[2], ./.[1]	0/0[S2+S3+S12+S19+S20+S21+S22+S23]; 0/1[S7+S11]; ./.[S8]
ENSG00000109654	1	chr4	4	4	0	frameshift_variant	4.HIGH	0|0[4], 0/0[7], 0|1[1]	0|0[4] &  0/0[7] &  0|1[1]	0|0[S1+S4+S6+S18]; 0/0[S5+S10+S13+S14+S15+S16+S17]; 0|1[S9]	0/0[6], 1|1[1], 0|1[1], 0|0[2], ./.[1]	0/0[S2+S3+S7+S19+S20+S23]; 1|1[S8]; 0|1[S11]; 0|0[S12+S22]; ./.[S21]
ENSG00000110104	1	chr11	4	4	0	missense_variant	3.MODERATE	0/0[11], 0/1[1]	0/0[11] &  0/1[1]	0/0[S1+S4+S5+S6+S10+S13+S14+S15+S16+S17+S18]; 0/1[S9]	0/1[2], 0/0[7], 0|1[1], ./.[1]	0/1[S2+S19]; 0/0[S3+S11+S12+S20+S21+S22+S23]; 0|1[S7]; ./.[S8]
ENSG00000112297	1	chr6	4	4	0	missense_variant	3.MODERATE	0/0[10], 0/1[2]	0/0[10] &  0/1[2]	0/0[S1+S4+S5+S10+S13+S14+S15+S16+S17+S18]; 0/1[S6+S9]	0/0[8], ./.[1], 0/1[2]	0/0[S2+S3+S7+S12+S19+S20+S22+S23]; ./.[S8]; 0/1[S11+S21]
ENSG00000115459	1	chr2	4	4	0	missense_variant	3.MODERATE	0|1[1], 0/0[10], 0/1[1]	0|1[1] &  0/0[10] &  0/1[1]	0|1[S1]; 0/0[S4+S5+S9+S10+S13+S14+S15+S16+S17+S18]; 0/1[S6]	0/0[8], 0/1[2], ./.[1]	0/0[S2+S3+S11+S12+S19+S21+S22+S23]; 0/1[S7+S20]; ./.[S8]
ENSG00000115464	1	chr2	4	4	0	missense_variant	3.MODERATE	0/1[2], 0/0[10]	0/1[2] &  0/0[10]	0/1[S1+S9]; 0/0[S4+S5+S6+S10+S13+S14+S15+S16+S17+S18]	0/0[8], ./.[1], 0/1[2]	0/0[S2+S3+S7+S12+S19+S21+S22+S23]; ./.[S8]; 0/1[S11+S20]
ENSG00000116350	1	chr1	5	5	0	missense_variant	3.MODERATE	1/1[12]	1/1[12]	1/1[S1+S4+S5+S6+S9+S10+S13+S14+S15+S16+S17+S18]	0/1[5], 1/1[5], ./.[1]	0/1[S2+S7+S11+S19+S21]; 1/1[S3+S12+S20+S22+S23]; ./.[S8]
ENSG00000116353	1	chr1	5	5	0	missense_variant	3.MODERATE	1/1[12]	1/1[12]	1/1[S1+S4+S5+S6+S9+S10+S13+S14+S15+S16+S17+S18]	0/1[5], 1/1[5], ./.[1]	0/1[S2+S7+S11+S19+S21]; 1/1[S3+S12+S20+S22+S23]; ./.[S8]
ENSG00000117385	1	chr1	5	5	0	missense_variant	3.MODERATE	1/1[1], 0/0[10], 0/1[1]	1/1[1] &  0/0[10] &  0/1[1]	1/1[S1]; 0/0[S4+S5+S6+S9+S13+S14+S15+S16+S17+S18]; 0/1[S10]	0/1[2], 0/0[8], ./.[1]	0/1[S2+S20]; 0/0[S3+S7+S11+S12+S19+S21+S22+S23]; ./.[S8]
ENSG00000119681	2	chr14	8	4+4	0	frameshift_variant&splice_region_variant; splice_donor_variant	4.HIGH; 4.HIGH	0/0[11], ./.[1] & 0/0[12]	0/0[12] &  ./.[1]	0/0[S1+S4+S5+S9+S10+S13+S14+S15+S16+S17+S18]; ./.[S6] & 0/0[S1+S4+S5+S6+S9+S10+S13+S14+S15+S16+S17+S18]	0/0[7], 0|1[2], 1|1[1], ./.[1] & 0/0[8], 0|1[2], 1|1[1]	0/0[S2+S3+S11+S12+S21+S22+S23]; 0|1[S7+S20]; 1|1[S8]; ./.[S19] & 0/0[S2+S3+S11+S12+S19+S21+S22+S23]; 0|1[S7+S20]; 1|1[S8]
ENSG00000120616	1	chr10	5	5	0	missense_variant	3.MODERATE	0/1[2], 0/0[10]	0/1[2] &  0/0[10]	0/1[S1+S5]; 0/0[S4+S6+S9+S10+S13+S14+S15+S16+S17+S18]	0/0[8], ./.[1], 1/1[1], 0/1[1]	0/0[S2+S3+S7+S11+S12+S21+S22+S23]; ./.[S8]; 1/1[S19]; 0/1[S20]
ENSG00000122140	1	chr9	5	5	0	missense_variant	3.MODERATE	0/0[10], 0/1[2]	0/0[10] &  0/1[2]	0/0[S1+S4+S5+S10+S13+S14+S15+S16+S17+S18]; 0/1[S6+S9]	0/0[7], 0/1[3], ./.[1]	0/0[S2+S3+S12+S20+S21+S22+S23]; 0/1[S7+S11+S19]; ./.[S8]
ENSG00000124003	1	chr2	4	4	0	missense_variant	3.MODERATE	0/0[11], 0/1[1]	0/0[11] &  0/1[1]	0/0[S1+S4+S5+S6+S9+S13+S14+S15+S16+S17+S18]; 0/1[S10]	0/1[3], 0/0[7], ./.[1]	0/1[S2+S11+S21]; 0/0[S3+S7+S12+S19+S20+S22+S23]; ./.[S8]
ENSG00000124092	1	chr20	5	5	0	missense_variant	3.MODERATE	0/1[3], 0/0[9]	0/1[3] &  0/0[9]	0/1[S1+S5+S6]; 0/0[S4+S9+S10+S13+S14+S15+S16+S17+S18]	0/0[9], ./.[1], 1/1[1]	0/0[S2+S3+S7+S11+S12+S20+S21+S22+S23]; ./.[S8]; 1/1[S19]
ENSG00000124370	1	chr2	5	5	0	missense_variant	3.MODERATE	0/0[10], 0/1[2]	0/0[10] &  0/1[2]	0/0[S1+S4+S6+S10+S13+S14+S15+S16+S17+S18]; 0/1[S5+S9]	0/1[3], 0/0[7], ./.[1]	0/1[S2+S11+S20]; 0/0[S3+S7+S12+S19+S21+S22+S23]; ./.[S8]
ENSG00000124496	1	chr6	5	5	0	missense_variant	3.MODERATE	0/0[10], 0/1[2]	0/0[10] &  0/1[2]	0/0[S1+S4+S9+S10+S13+S14+S15+S16+S17+S18]; 0/1[S5+S6]	0/0[8], 0/1[1], ./.[1], 1/1[1]	0/0[S2+S3+S11+S12+S19+S20+S22+S23]; 0/1[S7]; ./.[S8]; 1/1[S21]
ENSG00000126243	6	chr19	30	5+5+5+5+5+5	0	inframe_deletion; frameshift_variant; frameshift_variant; protein_altering_variant; inframe_insertion; frameshift_variant	3.MODERATE; 4.HIGH; 4.HIGH; 3.MODERATE; 3.MODERATE; 4.HIGH	0/0[10], 0|1[1], 0|0[1] & 0/0[11], 0|1[1] & 0/0[11], 0|1[1] & 0/0[10], 0|1[1], ./.[1] & 0/0[10], 0|1[1], ./.[1] & 0/0[10], 0|1[1], ./.[1]	0/0[11] &  0|1[1] &  0|0[1] &  ./.[1]	0/0[S1+S4+S5+S9+S10+S13+S14+S15+S16+S18]; 0|1[S6]; 0|0[S17] & 0/0[S1+S4+S5+S9+S10+S13+S14+S15+S16+S17+S18]; 0|1[S6] & 0/0[S1+S4+S5+S9+S10+S13+S14+S15+S16+S17+S18]; 0|1[S6] & 0/0[S1+S4+S5+S9+S10+S13+S14+S15+S16+S17]; 0|1[S6]; ./.[S18] & 0/0[S1+S4+S5+S9+S10+S13+S14+S15+S16+S17]; 0|1[S6]; ./.[S18] & 0/0[S1+S4+S5+S9+S10+S13+S14+S15+S16+S17]; 0|1[S6]; ./.[S18]	0|0[1], 0/0[5], 0|1[4], ./.[1] & 0/0[5], 0|1[4], ./.[2] & 0/0[5], 0|1[4], ./.[2] & 0|0[1], 0/0[5], 0|1[4], ./.[1] & 0|0[1], 0/0[5], 0|1[4], ./.[1] & 0/0[5], 0|1[4], ./.[1], 0|0[1]	0|0[S2]; 0/0[S3+S12+S20+S22+S23]; 0|1[S7+S11+S19+S21]; ./.[S8] & 0/0[S2+S3+S12+S20+S23]; 0|1[S7+S11+S19+S21]; ./.[S8+S22] & 0/0[S2+S3+S12+S20+S23]; 0|1[S7+S11+S19+S21]; ./.[S8+S22] & 0|0[S2]; 0/0[S3+S12+S20+S22+S23]; 0|1[S7+S11+S19+S21]; ./.[S8] & 0|0[S2]; 0/0[S3+S12+S20+S22+S23]; 0|1[S7+S11+S19+S21]; ./.[S8] & 0/0[S2+S3+S12+S22+S23]; 0|1[S7+S11+S19+S21]; ./.[S8]; 0|0[S20]
ENSG00000127947	1	chr7	7	7	0	missense_variant	3.MODERATE	0/0[10], 0/1[2]	0/0[10] &  0/1[2]	0/0[S1+S4+S9+S10+S13+S14+S15+S16+S17+S18]; 0/1[S5+S6]	0/1[3], 0/0[6], ./.[1], 1/1[1]	0/1[S2+S19+S21]; 0/0[S3+S7+S11+S12+S22+S23]; ./.[S8]; 1/1[S20]
ENSG00000128159	1	chr22	5	5	0	missense_variant	3.MODERATE	0/0[10], 0/1[2]	0/0[10] &  0/1[2]	0/0[S1+S4+S5+S10+S13+S14+S15+S16+S17+S18]; 0/1[S6+S9]	0/0[7], 0/1[3], ./.[1]	0/0[S2+S3+S11+S12+S21+S22+S23]; 0/1[S7+S19+S20]; ./.[S8]
ENSG00000128815	1	chr10	4	4	0	missense_variant	3.MODERATE	0/0[11], 0/1[1]	0/0[11] &  0/1[1]	0/0[S1+S4+S5+S9+S10+S13+S14+S15+S16+S17+S18]; 0/1[S6]	0/0[8], ./.[1], 1/1[1], 0/1[1]	0/0[S2+S3+S7+S12+S20+S21+S22+S23]; ./.[S8]; 1/1[S11]; 0/1[S19]
ENSG00000129534	1	chr14	4	4	0	missense_variant&splice_region_variant	3.MODERATE	0/0[9], 0/1[3]	0/0[9] &  0/1[3]	0/0[S1+S4+S10+S13+S14+S15+S16+S17+S18]; 0/1[S5+S6+S9]	0/1[1], 0/0[9], ./.[1]	0/1[S2]; 0/0[S3+S7+S11+S12+S19+S20+S21+S22+S23]; ./.[S8]
ENSG00000130487	1	chr22	5	5	0	missense_variant	3.MODERATE	0/1[3], 0/0[9]	0/1[3] &  0/0[9]	0/1[S1+S6+S10]; 0/0[S4+S5+S9+S13+S14+S15+S16+S17+S18]	0/0[9], ./.[1], 1/1[1]	0/0[S2+S3+S7+S12+S19+S20+S21+S22+S23]; ./.[S8]; 1/1[S11]
ENSG00000130589	1	chr20	5	5	0	missense_variant	3.MODERATE	1/1[1], 0/0[11]	1/1[1] &  0/0[11]	1/1[S1]; 0/0[S4+S5+S6+S9+S10+S13+S14+S15+S16+S17+S18]	1/1[1], 0/0[8], ./.[1], 0/1[1]	1/1[S2]; 0/0[S3+S7+S12+S19+S20+S21+S22+S23]; ./.[S8]; 0/1[S11]
ENSG00000132938	1	chr13	8	8	0	missense_variant	3.MODERATE	0/1[3], 1/1[9]	0/1[3] &  1/1[9]	0/1[S1+S9+S10]; 1/1[S4+S5+S6+S13+S14+S15+S16+S17+S18]	0/1[3], 1/1[6], ./.[1], 0/0[1]	0/1[S2+S7+S20]; 1/1[S3+S12+S19+S21+S22+S23]; ./.[S8]; 0/0[S11]
ENSG00000133597	1	chr7	7	7	0	missense_variant	3.MODERATE	0/1[4], 0/0[8]	0/1[4] &  0/0[8]	0/1[S1+S5+S6+S10]; 0/0[S4+S9+S13+S14+S15+S16+S17+S18]	0/1[1], 0/0[8], 1/1[1], ./.[1]	0/1[S2]; 0/0[S3+S11+S12+S19+S20+S21+S22+S23]; 1/1[S7]; ./.[S8]
ENSG00000135766	1	chr1	5	5	0	missense_variant	3.MODERATE	0/0[10], 0/1[2]	0/0[10] &  0/1[2]	0/0[S1+S4+S5+S9+S13+S14+S15+S16+S17+S18]; 0/1[S6+S10]	0/1[1], 0/0[8], ./.[1], 1/1[1]	0/1[S2]; 0/0[S3+S7+S12+S19+S20+S21+S22+S23]; ./.[S8]; 1/1[S11]
ENSG00000136243	1	chr7	4	4	0	inframe_insertion	3.MODERATE	0/0[10], 0/1[2]	0/0[10] &  0/1[2]	0/0[S1+S4+S9+S10+S13+S14+S15+S16+S17+S18]; 0/1[S5+S6]	0/0[8], ./.[1], 0/1[2]	0/0[S2+S3+S7+S11+S12+S19+S22+S23]; ./.[S8]; 0/1[S20+S21]
ENSG00000137216	1	chr6	4	4	0	missense_variant	3.MODERATE	0/0[10], 0/1[2]	0/0[10] &  0/1[2]	0/0[S1+S4+S6+S9+S13+S14+S15+S16+S17+S18]; 0/1[S5+S10]	0/1[2], 0/0[8], ./.[1]	0/1[S2+S7]; 0/0[S3+S11+S12+S19+S20+S21+S22+S23]; ./.[S8]
ENSG00000137809	1	chr15	4	4	0	splice_polypyrimidine_tract_variant&intron_variant&non_coding_transcript_variant	2.LOW	0/1[2], 0/0[10]	0/1[2] &  0/0[10]	0/1[S1+S10]; 0/0[S4+S5+S6+S9+S13+S14+S15+S16+S17+S18]	0/0[8], 0/1[2], ./.[1]	0/0[S2+S3+S11+S12+S19+S20+S22+S23]; 0/1[S7+S21]; ./.[S8]
ENSG00000137877	1	chr15	5	5	0	missense_variant&splice_region_variant	3.MODERATE	0/0[9], 0/1[2], 1/1[1]	0/0[9] &  0/1[2] &  1/1[1]	0/0[S1+S4+S10+S13+S14+S15+S16+S17+S18]; 0/1[S5+S6]; 1/1[S9]	0/0[9], ./.[1], 0/1[1]	0/0[S2+S3+S7+S11+S12+S20+S21+S22+S23]; ./.[S8]; 0/1[S19]
ENSG00000137965	1	chr1	4	4	0	missense_variant	3.MODERATE	0/0[11], 0/1[1]	0/0[11] &  0/1[1]	0/0[S1+S4+S5+S6+S9+S13+S14+S15+S16+S17+S18]; 0/1[S10]	0/0[7], ./.[1], 0/1[3]	0/0[S2+S3+S7+S12+S20+S22+S23]; ./.[S8]; 0/1[S11+S19+S21]
ENSG00000140876	1	chr16	7	7	0	missense_variant	3.MODERATE	0/0[9], 0/1[3]	0/0[9] &  0/1[3]	0/0[S1+S4+S9+S13+S14+S15+S16+S17+S18]; 0/1[S5+S6+S10]	0/1[2], 0/0[7], ./.[1], 1/1[1]	0/1[S2+S7]; 0/0[S3+S11+S12+S19+S21+S22+S23]; ./.[S8]; 1/1[S20]
ENSG00000141338	1	chr17	4	4	0	missense_variant	3.MODERATE	0/1[3], 0/0[9]	0/1[3] &  0/0[9]	0/1[S1+S6+S10]; 0/0[S4+S5+S9+S13+S14+S15+S16+S17+S18]	0/0[9], 0/1[1], ./.[1]	0/0[S2+S3+S11+S12+S19+S20+S21+S22+S23]; 0/1[S7]; ./.[S8]
ENSG00000144401	1	chr2	7	7	0	missense_variant	3.MODERATE	0/1[4], 1/1[8]	0/1[4] &  1/1[8]	0/1[S1+S5+S6+S9]; 1/1[S4+S10+S13+S14+S15+S16+S17+S18]	0/1[3], 1/1[7], ./.[1]	0/1[S2+S19+S20]; 1/1[S3+S7+S11+S12+S21+S22+S23]; ./.[S8]
ENSG00000146221	1	chr6	4	4	0	missense_variant	3.MODERATE	0/1[1], 0/0[11]	0/1[1] &  0/0[11]	0/1[S1]; 0/0[S4+S5+S6+S9+S10+S13+S14+S15+S16+S17+S18]	0/1[3], 0/0[7], ./.[1]	0/1[S2+S7+S20]; 0/0[S3+S11+S12+S19+S21+S22+S23]; ./.[S8]
ENSG00000146757	2	chr7	12	6+6	0	missense_variant; missense_variant	3.MODERATE; 3.MODERATE	0/0[10], 0/1[2] & 0/0[10], 0/1[2]	0/0[10] &  0/1[2]	0/0[S1+S4+S9+S10+S13+S14+S15+S16+S17+S18]; 0/1[S5+S6] & 0/0[S1+S4+S9+S10+S13+S14+S15+S16+S17+S18]; 0/1[S5+S6]	0/0[7], ./.[1], 0/1[2], 1/1[1] & 0/0[7], ./.[1], 0/1[2], 1/1[1]	0/0[S2+S3+S7+S12+S21+S22+S23]; ./.[S8]; 0/1[S11+S20]; 1/1[S19] & 0/0[S2+S3+S7+S12+S21+S22+S23]; ./.[S8]; 0/1[S11+S20]; 1/1[S19]
ENSG00000146839	1	chr7	4	4	0	inframe_deletion&nmd_transcript_variant	3.MODERATE	0/0[10], 0/1[2]	0/0[10] &  0/1[2]	0/0[S1+S4+S9+S10+S13+S14+S15+S16+S17+S18]; 0/1[S5+S6]	0/0[9], ./.[1], 1/1[1]	0/0[S2+S3+S7+S11+S12+S19+S21+S22+S23]; ./.[S8]; 1/1[S20]
ENSG00000148288	1	chr9	4	4	0	splice_polypyrimidine_tract_variant&intron_variant	2.LOW	0/0[10], 0/1[2]	0/0[10] &  0/1[2]	0/0[S1+S4+S5+S6+S13+S14+S15+S16+S17+S18]; 0/1[S9+S10]	0/0[8], 0/1[2], ./.[1]	0/0[S2+S3+S11+S12+S19+S21+S22+S23]; 0/1[S7+S20]; ./.[S8]
ENSG00000149646	1	chr20	5	5	0	missense_variant	3.MODERATE	0/1[2], 0/0[10]	0/1[2] &  0/0[10]	0/1[S1+S5]; 0/0[S4+S6+S9+S10+S13+S14+S15+S16+S17+S18]	0/0[8], ./.[1], 1/1[1], 0/1[1]	0/0[S2+S3+S7+S12+S19+S21+S22+S23]; ./.[S8]; 1/1[S11]; 0/1[S20]
ENSG00000150048	1	chr12	6	6	0	missense_variant	3.MODERATE	1/1[11], 0/0[1]	1/1[11] &  0/0[1]	1/1[S1+S4+S5+S6+S9+S13+S14+S15+S16+S17+S18]; 0/0[S10]	1/1[7], 0/1[2], ./.[1], 0/0[1]	1/1[S2+S3+S12+S19+S21+S22+S23]; 0/1[S7+S11]; ./.[S8]; 0/0[S20]
ENSG00000151914	1	chr6	4	4	0	missense_variant	3.MODERATE	0/0[10], 1/1[1], 0/1[1]	0/0[10] &  1/1[1] &  0/1[1]	0/0[S1+S4+S9+S10+S13+S14+S15+S16+S17+S18]; 1/1[S5]; 0/1[S6]	0/0[9], ./.[1], 0/1[1]	0/0[S2+S3+S7+S12+S19+S20+S21+S22+S23]; ./.[S8]; 0/1[S11]
ENSG00000153165	1	chr2	4	4	0	missense_variant	3.MODERATE	0/1[3], 0/0[9]	0/1[3] &  0/0[9]	0/1[S1+S6+S10]; 0/0[S4+S5+S9+S13+S14+S15+S16+S17+S18]	0/0[9], ./.[1], 0/1[1]	0/0[S2+S3+S7+S11+S12+S20+S21+S22+S23]; ./.[S8]; 0/1[S19]
ENSG00000154079	1	chr6	7	7	0	missense_variant	3.MODERATE	0/0[10], 0/1[2]	0/0[10] &  0/1[2]	0/0[S1+S4+S6+S9+S13+S14+S15+S16+S17+S18]; 0/1[S5+S10]	0/1[3], 0/0[6], ./.[1], 1/1[1]	0/1[S2+S7+S19]; 0/0[S3+S12+S20+S21+S22+S23]; ./.[S8]; 1/1[S11]
ENSG00000154227	1	chr15	4	4	0	missense_variant	3.MODERATE	0/0[11], 0/1[1]	0/0[11] &  0/1[1]	0/0[S1+S4+S5+S6+S10+S13+S14+S15+S16+S17+S18]; 0/1[S9]	0/1[3], 0/0[7], ./.[1]	0/1[S2+S11+S20]; 0/0[S3+S7+S12+S19+S21+S22+S23]; ./.[S8]
ENSG00000154310	1	chr3	5	5	0	missense_variant	3.MODERATE	0/0[9], 0/1[3]	0/0[9] &  0/1[3]	0/0[S1+S4+S9+S13+S14+S15+S16+S17+S18]; 0/1[S5+S6+S10]	0/0[8], 0/1[2], ./.[1]	0/0[S2+S3+S11+S12+S19+S20+S22+S23]; 0/1[S7+S21]; ./.[S8]
ENSG00000157322	1	chr16	7	7	0	missense_variant	3.MODERATE	0/0[8], 1/1[1], 0/1[3]	0/0[8] &  1/1[1] &  0/1[3]	0/0[S1+S4+S13+S14+S15+S16+S17+S18]; 1/1[S5]; 0/1[S6+S9+S10]	0/0[8], ./.[1], 0/1[2]	0/0[S2+S3+S7+S11+S12+S21+S22+S23]; ./.[S8]; 0/1[S19+S20]
ENSG00000159259	1	chr21	4	4	0	missense_variant	3.MODERATE	0/0[12]	0/0[12]	0/0[S1+S4+S5+S6+S9+S10+S13+S14+S15+S16+S17+S18]	0/1[4], 0/0[6], ./.[1]	0/1[S2+S7+S20+S21]; 0/0[S3+S11+S12+S19+S22+S23]; ./.[S8]
ENSG00000160051	1	chr1	6	6	0	missense_variant	3.MODERATE	0/1[3], 0/0[9]	0/1[3] &  0/0[9]	0/1[S1+S5+S10]; 0/0[S4+S6+S9+S13+S14+S15+S16+S17+S18]	0/0[8], 0/1[1], ./.[1], 1/1[1]	0/0[S2+S3+S12+S19+S20+S21+S22+S23]; 0/1[S7]; ./.[S8]; 1/1[S11]
ENSG00000160256	2	chr21	9	5+4	0	missense_variant; missense_variant	3.MODERATE; 3.MODERATE	0/1[3], 0/0[8], 1/1[1] & 0/1[4], 0/0[8]	0/1[4] &  0/0[8] &  1/1[1]	0/1[S1+S6+S9]; 0/0[S4+S10+S13+S14+S15+S16+S17+S18]; 1/1[S5] & 0/1[S1+S5+S6+S9]; 0/0[S4+S10+S13+S14+S15+S16+S17+S18]	0/0[10], ./.[1] & 0/0[10], ./.[1]	0/0[S2+S3+S7+S11+S12+S19+S20+S21+S22+S23]; ./.[S8] & 0/0[S2+S3+S7+S11+S12+S19+S20+S21+S22+S23]; ./.[S8]
ENSG00000163625	1	chr4	4	4	0	frameshift_variant	4.HIGH	0/0[10], 0|1[2]	0/0[10] &  0|1[2]	0/0[S1+S4+S9+S10+S13+S14+S15+S16+S17+S18]; 0|1[S5+S6]	0/0[10], 1|1[1]	0/0[S2+S3+S7+S11+S12+S19+S20+S21+S22+S23]; 1|1[S8]
ENSG00000164002	1	chr1	4	4	0	missense_variant	3.MODERATE	0/0[12]	0/0[12]	0/0[S1+S4+S5+S6+S9+S10+S13+S14+S15+S16+S17+S18]	0/1[2], 0/0[8], 1/1[1]	0/1[S2+S21]; 0/0[S3+S7+S11+S12+S19+S20+S22+S23]; 1/1[S8]
ENSG00000164199	1	chr5	4	4	0	missense_variant	3.MODERATE	0/0[11], 0/1[1]	0/0[11] &  0/1[1]	0/0[S1+S4+S6+S9+S10+S13+S14+S15+S16+S17+S18]; 0/1[S5]	0/1[1], 0/0[8], ./.[1], 1/1[1]	0/1[S2]; 0/0[S3+S7+S12+S19+S20+S21+S22+S23]; ./.[S8]; 1/1[S11]
ENSG00000164458	1	chr6	7	7	0	missense_variant	3.MODERATE	0/1[3], 0/0[9]	0/1[3] &  0/0[9]	0/1[S1+S5+S6]; 0/0[S4+S9+S10+S13+S14+S15+S16+S17+S18]	0/0[7], 0/1[4]	0/0[S2+S3+S8+S12+S21+S22+S23]; 0/1[S7+S11+S19+S20]
ENSG00000164520	1	chr6	7	7	0	missense_variant	3.MODERATE	0/0[9], 0/1[3]	0/0[9] &  0/1[3]	0/0[S1+S4+S6+S13+S14+S15+S16+S17+S18]; 0/1[S5+S9+S10]	1/1[1], 0/0[8], 0/1[2]	1/1[S2]; 0/0[S3+S7+S8+S11+S12+S20+S22+S23]; 0/1[S19+S21]
ENSG00000165689	2	chr9	9	5+4	0	missense_variant; missense_variant	3.MODERATE; 3.MODERATE	0/0[10], 0/1[2] & 0/0[10], 0/1[2]	0/0[10] &  0/1[2]	0/0[S1+S4+S5+S6+S13+S14+S15+S16+S17+S18]; 0/1[S9+S10] & 0/0[S1+S4+S5+S6+S13+S14+S15+S16+S17+S18]; 0/1[S9+S10]	0/0[7], ./.[1], 0/1[3] & 0/0[8], ./.[1], 0/1[2]	0/0[S2+S3+S7+S11+S12+S22+S23]; ./.[S8]; 0/1[S19+S20+S21] & 0/0[S2+S3+S7+S11+S12+S21+S22+S23]; ./.[S8]; 0/1[S19+S20]
ENSG00000166670	1	chr11	5	5	0	missense_variant	3.MODERATE	0/0[11], 0/1[1]	0/0[11] &  0/1[1]	0/0[S1+S4+S6+S9+S10+S13+S14+S15+S16+S17+S18]; 0/1[S5]	0/1[4], 0/0[6], ./.[1]	0/1[S2+S7+S20+S21]; 0/0[S3+S11+S12+S19+S22+S23]; ./.[S8]
ENSG00000168930	1	chr11	4	4	0	missense_variant	3.MODERATE	0/0[11], 0|1[1]	0/0[11] &  0|1[1]	0/0[S1+S4+S5+S6+S10+S13+S14+S15+S16+S17+S18]; 0|1[S9]	0/0[7], 0|1[3], ./.[1]	0/0[S2+S3+S11+S12+S21+S22+S23]; 0|1[S7+S19+S20]; ./.[S8]
ENSG00000169756	1	chr2	4	4	0	splice_donor_variant	4.HIGH	0/0[11], 0/1[1]	0/0[11] &  0/1[1]	0/0[S1+S4+S5+S9+S10+S13+S14+S15+S16+S17+S18]; 0/1[S6]	0/1[3], 0/0[7], ./.[1]	0/1[S2+S19+S21]; 0/0[S3+S7+S11+S12+S20+S22+S23]; ./.[S8]
ENSG00000170893	1	chr3	4	4	0	missense_variant	3.MODERATE	0/0[10], 0/1[2]	0/0[10] &  0/1[2]	0/0[S1+S4+S5+S9+S13+S14+S15+S16+S17+S18]; 0/1[S6+S10]	0/1[2], 0/0[8], ./.[1]	0/1[S2+S11]; 0/0[S3+S7+S12+S19+S20+S21+S22+S23]; ./.[S8]
ENSG00000171459	4	chr9	16	4+4+4+4	0	missense_variant; missense_variant; missense_variant; missense_variant	3.MODERATE; 3.MODERATE; 3.MODERATE; 3.MODERATE	1|1[11], 0|1[1] & 1|1[11], 0|1[1] & 1/1[10], 0/1[1], 0|1[1] & 1/1[10], 0/1[1], ./.[1]	1|1[11] &  0|1[2] & 1/1[11] &  0/1[1] &  ./.[1]	1|1[S1+S4+S6+S9+S10+S13+S14+S15+S16+S17+S18]; 0|1[S5] & 1|1[S1+S4+S6+S9+S10+S13+S14+S15+S16+S17+S18]; 0|1[S5] & 1/1[S1+S4+S6+S9+S13+S14+S15+S16+S17+S18]; 0/1[S5]; 0|1[S10] & 1/1[S1+S4+S6+S9+S10+S13+S14+S16+S17+S18]; 0/1[S5]; ./.[S15]	1|1[7], ./.[1], 0|0[1], 0|1[1], 1/1[1] & 1|1[7], ./.[1], 0|0[1], 0|1[1], 1/1[1] & 1/1[8], ./.[1], 0/1[2] & 1/1[8], ./.[1], 0/0[1], 0/1[1]	1|1[S2+S3+S7+S12+S19+S20+S22]; ./.[S8]; 0|0[S11]; 0|1[S21]; 1/1[S23] & 1|1[S2+S3+S7+S12+S19+S20+S22]; ./.[S8]; 0|0[S11]; 0|1[S21]; 1/1[S23] & 1/1[S2+S3+S7+S12+S19+S20+S22+S23]; ./.[S8]; 0/1[S11+S21] & 1/1[S2+S3+S7+S12+S19+S20+S22+S23]; ./.[S8]; 0/0[S11]; 0/1[S21]
ENSG00000171813	3	chr10	12	4+4+4	0	stop_gained; missense_variant; frameshift_variant	4.HIGH; 3.MODERATE; 4.HIGH	0/0[11], 0|1[1] & 0/0[11], 0|1[1] & 0/0[10], 0|1[1], 0|0[1]	0/0[11] &  0|1[1] &  0|0[1]	0/0[S1+S4+S5+S9+S10+S13+S14+S15+S16+S17+S18]; 0|1[S6] & 0/0[S1+S4+S5+S9+S10+S13+S14+S15+S16+S17+S18]; 0|1[S6] & 0/0[S1+S4+S5+S9+S10+S13+S14+S15+S16+S17]; 0|1[S6]; 0|0[S18]	0/0[8], 1|1[1], ./.[1], 0|1[1] & 0/0[9], 1|1[1], 0|1[1] & 0/0[9], 1|1[1], 0|1[1]	0/0[S2+S3+S7+S12+S20+S21+S22+S23]; 1|1[S8]; ./.[S11]; 0|1[S19] & 0/0[S2+S3+S7+S11+S12+S20+S21+S22+S23]; 1|1[S8]; 0|1[S19] & 0/0[S2+S3+S7+S11+S12+S20+S21+S22+S23]; 1|1[S8]; 0|1[S19]
ENSG00000171970	2	chr19	8	4+4	0	missense_variant; missense_variant	3.MODERATE; 3.MODERATE	0|1[2], 0/0[10] & 0|1[2], 0/0[10]	0|1[2] &  0/0[10]	0|1[S1+S10]; 0/0[S4+S5+S6+S9+S13+S14+S15+S16+S17+S18] & 0|1[S1+S10]; 0/0[S4+S5+S6+S9+S13+S14+S15+S16+S17+S18]	0/0[9], ./.[1], 1|1[1] & 0/0[9], ./.[1], 1|1[1]	0/0[S2+S3+S7+S12+S19+S20+S21+S22+S23]; ./.[S8]; 1|1[S11] & 0/0[S2+S3+S7+S12+S19+S20+S21+S22+S23]; ./.[S8]; 1|1[S11]
ENSG00000173464	1	chr14	4	4	0	missense_variant	3.MODERATE	0/0[11], 0/1[1]	0/0[11] &  0/1[1]	0/0[S1+S4+S5+S9+S10+S13+S14+S15+S16+S17+S18]; 0/1[S6]	0/0[7], 0/1[3], ./.[1]	0/0[S2+S3+S12+S20+S21+S22+S23]; 0/1[S7+S11+S19]; ./.[S8]
ENSG00000175356	1	chr11	10	10	0	missense_variant	3.MODERATE	0/1[4], 0/0[8]	0/1[4] &  0/0[8]	0/1[S1+S5+S6+S10]; 0/0[S4+S9+S13+S14+S15+S16+S17+S18]	0/1[4], 0/0[5], ./.[1], 1/1[1]	0/1[S2+S11+S19+S20]; 0/0[S3+S7+S12+S22+S23]; ./.[S8]; 1/1[S21]
ENSG00000175707	1	chr1	4	4	0	missense_variant	3.MODERATE	0/0[10], 0/1[2]	0/0[10] &  0/1[2]	0/0[S1+S4+S6+S9+S13+S14+S15+S16+S17+S18]; 0/1[S5+S10]	0/1[2], 0/0[8], ./.[1]	0/1[S2+S11]; 0/0[S3+S7+S12+S19+S20+S21+S22+S23]; ./.[S8]
ENSG00000178395	1	chr1	9	9	0	missense_variant	3.MODERATE	0/1[3], 0/0[8], 1/1[1]	0/1[3] &  0/0[8] &  1/1[1]	0/1[S1+S9+S10]; 0/0[S4+S5+S13+S14+S15+S16+S17+S18]; 1/1[S6]	0/0[7], ./.[1], 0/1[2], 1/1[1]	0/0[S2+S3+S7+S11+S12+S22+S23]; ./.[S8]; 0/1[S19+S21]; 1/1[S20]
ENSG00000178852	2	chr17	8	4+4	0	missense_variant; missense_variant	3.MODERATE; 3.MODERATE	0/0[12] & 0/0[12]	0/0[12]	0/0[S1+S4+S5+S6+S9+S10+S13+S14+S15+S16+S17+S18] & 0/0[S1+S4+S5+S6+S9+S10+S13+S14+S15+S16+S17+S18]	0/1[4], 0/0[6], ./.[1] & 0/1[4], 0/0[6], ./.[1]	0/1[S2+S11+S19+S20]; 0/0[S3+S7+S12+S21+S22+S23]; ./.[S8] & 0/1[S2+S11+S19+S20]; 0/0[S3+S7+S12+S21+S22+S23]; ./.[S8]
ENSG00000180071	1	chr9	4	4	0	missense_variant	3.MODERATE	0/0[12]	0/0[12]	0/0[S1+S4+S5+S6+S9+S10+S13+S14+S15+S16+S17+S18]	0/1[2], 0/0[7], ./.[1], 1/1[1]	0/1[S2+S20]; 0/0[S3+S7+S12+S19+S21+S22+S23]; ./.[S8]; 1/1[S11]
ENSG00000183310	1	chr1	7	7	0	missense_variant	3.MODERATE	0/0[9], 0/1[2], 1/1[1]	0/0[9] &  0/1[2] &  1/1[1]	0/0[S1+S4+S9+S13+S14+S15+S16+S17+S18]; 0/1[S5+S6]; 1/1[S10]	0/0[7], 0|1[2], ./.[1], 0/1[1]	0/0[S2+S3+S11+S12+S21+S22+S23]; 0|1[S7+S19]; ./.[S8]; 0/1[S20]
ENSG00000184292	1	chr1	4	4	0	missense_variant	3.MODERATE	0/0[10], 0/1[2]	0/0[10] &  0/1[2]	0/0[S1+S4+S5+S10+S13+S14+S15+S16+S17+S18]; 0/1[S6+S9]	0/0[8], 0/1[2], ./.[1]	0/0[S2+S3+S12+S19+S20+S21+S22+S23]; 0/1[S7+S11]; ./.[S8]
ENSG00000184923	1	chr10	4	4	0	missense_variant	3.MODERATE	0/0[10], 0|1[2]	0/0[10] &  0|1[2]	0/0[S1+S4+S6+S10+S13+S14+S15+S16+S17+S18]; 0|1[S5+S9]	0/0[8], 1|1[1], ./.[2]	0/0[S2+S3+S11+S12+S19+S20+S21+S23]; 1|1[S7]; ./.[S8+S22]
ENSG00000185479	1	chr12	4	4	0	missense_variant	3.MODERATE	0/1[2], 0/0[10]	0/1[2] &  0/0[10]	0/1[S1+S5]; 0/0[S4+S6+S9+S10+S13+S14+S15+S16+S17+S18]	0/0[8], ./.[1], 0/1[2]	0/0[S2+S3+S7+S11+S12+S19+S22+S23]; ./.[S8]; 0/1[S20+S21]
ENSG00000185842	1	chr1	4	4	0	missense_variant&nmd_transcript_variant	3.MODERATE	0/0[9], 0/1[3]	0/0[9] &  0/1[3]	0/0[S1+S4+S10+S13+S14+S15+S16+S17+S18]; 0/1[S5+S6+S9]	0/0[9], ./.[1], 0/1[1]	0/0[S2+S3+S7+S11+S12+S19+S20+S22+S23]; ./.[S8]; 0/1[S21]
ENSG00000185958	1	chr12	11	11	0	frameshift_variant	4.HIGH	0/0[9], 1|1[3]	0/0[9] &  1|1[3]	0/0[S1+S4+S6+S13+S14+S15+S16+S17+S18]; 1|1[S5+S9+S10]	0/0[8], 1|1[2], 0|1[1]	0/0[S2+S3+S8+S11+S12+S19+S22+S23]; 1|1[S7+S20]; 0|1[S21]
ENSG00000186081	1	chr12	6	6	0	missense_variant	3.MODERATE	0/1[1], 0/0[10], 1/1[1]	0/1[1] &  0/0[10] &  1/1[1]	0/1[S1]; 0/0[S4+S6+S9+S10+S13+S14+S15+S16+S17+S18]; 1/1[S5]	0/0[8], ./.[1], 0/1[1], 1/1[1]	0/0[S2+S3+S7+S11+S12+S19+S22+S23]; ./.[S8]; 0/1[S20]; 1/1[S21]
ENSG00000186204	3	chr19	12	4+4+4	0	splice_donor_variant&nmd_transcript_variant; missense_variant; missense_variant	4.HIGH; 3.MODERATE; 3.MODERATE	0/1[3], 0/0[9] & 0/1[3], 1/1[9] & 0|1[1], 1/1[9], 0/1[2]	0/1[3] &  0/0[9] &  1/1[9] & 0|1[1] &  0/1[2]	0/1[S1+S5+S9]; 0/0[S4+S6+S10+S13+S14+S15+S16+S17+S18] & 0/1[S1+S5+S9]; 1/1[S4+S6+S10+S13+S14+S15+S16+S17+S18] & 0|1[S1]; 1/1[S4+S6+S10+S13+S14+S15+S16+S17+S18]; 0/1[S5+S9]	0/0[9], ./.[1], 0/1[1] & 1/1[9], ./.[1], 0/1[1] & 1/1[9], ./.[1], 0/1[1]	0/0[S2+S3+S7+S12+S19+S20+S21+S22+S23]; ./.[S8]; 0/1[S11] & 1/1[S2+S3+S7+S12+S19+S20+S21+S22+S23]; ./.[S8]; 0/1[S11] & 1/1[S2+S3+S7+S12+S19+S20+S21+S22+S23]; ./.[S8]; 0/1[S11]
ENSG00000186998	1	chr22	4	4	0	missense_variant&splice_region_variant	3.MODERATE	0/0[12]	0/0[12]	0/0[S1+S4+S5+S6+S9+S10+S13+S14+S15+S16+S17+S18]	0/0[7], 0/1[2], ./.[1], 1/1[1]	0/0[S2+S3+S12+S19+S21+S22+S23]; 0/1[S7+S20]; ./.[S8]; 1/1[S11]
ENSG00000187026	1	chr21	5	5	0	missense_variant	3.MODERATE	0/0[11], 0/1[1]	0/0[11] &  0/1[1]	0/0[S1+S4+S5+S9+S10+S13+S14+S15+S16+S17+S18]; 0/1[S6]	0/0[8], 0/1[2], 1/1[1]	0/0[S2+S3+S11+S12+S19+S20+S22+S23]; 0/1[S7+S21]; 1/1[S8]
ENSG00000187135	1	chr19	4	4	0	missense_variant	3.MODERATE	0/1[1], 0/0[10], 1/1[1]	0/1[1] &  0/0[10] &  1/1[1]	0/1[S1]; 0/0[S4+S5+S6+S9+S13+S14+S15+S16+S17+S18]; 1/1[S10]	0/0[9], ./.[1], 0/1[1]	0/0[S2+S3+S7+S11+S12+S19+S20+S22+S23]; ./.[S8]; 0/1[S21]
ENSG00000196209	1	chr20	6	6	0	missense_variant	3.MODERATE	0/1[3], 1/1[9]	0/1[3] &  1/1[9]	0/1[S1+S5+S6]; 1/1[S4+S9+S10+S13+S14+S15+S16+S17+S18]	0/0[1], 1/1[8], ./.[1], 0/1[1]	0/0[S2]; 1/1[S3+S7+S11+S12+S19+S21+S22+S23]; ./.[S8]; 0/1[S20]
ENSG00000196228	1	chr2	4	4	0	missense_variant	3.MODERATE	0/0[11], 0/1[1]	0/0[11] &  0/1[1]	0/0[S1+S4+S5+S6+S10+S13+S14+S15+S16+S17+S18]; 0/1[S9]	0/0[7], 0/1[3], ./.[1]	0/0[S2+S3+S12+S20+S21+S22+S23]; 0/1[S7+S11+S19]; ./.[S8]
ENSG00000197599	1	chr16	4	4	0	missense_variant	3.MODERATE	0/0[11], 1/1[1]	0/0[11] &  1/1[1]	0/0[S1+S4+S5+S9+S10+S13+S14+S15+S16+S17+S18]; 1/1[S6]	0/0[8], ./.[1], 0/1[2]	0/0[S2+S3+S7+S12+S20+S21+S22+S23]; ./.[S8]; 0/1[S11+S19]
ENSG00000198062	1	chr22	5	5	0	splice_acceptor_variant	4.HIGH	0/0[9], 0/1[3]	0/0[9] &  0/1[3]	0/0[S1+S4+S5+S13+S14+S15+S16+S17+S18]; 0/1[S6+S9+S10]	0/1[2], 0/0[8], ./.[1]	0/1[S2+S20]; 0/0[S3+S7+S11+S12+S19+S21+S22+S23]; ./.[S8]
ENSG00000198838	2	chr15	10	5+5	0	frameshift_variant; frameshift_variant	4.HIGH; 4.HIGH	0/0[12] & 0/0[12]	0/0[12]	0/0[S1+S4+S5+S6+S9+S10+S13+S14+S15+S16+S17+S18] & 0/0[S1+S4+S5+S6+S9+S10+S13+S14+S15+S16+S17+S18]	0/0[7], 1|1[1], 0|1[3] & 0/0[7], 1|1[1], 0|1[3]	0/0[S2+S3+S7+S12+S20+S22+S23]; 1|1[S8]; 0|1[S11+S19+S21] & 0/0[S2+S3+S7+S12+S20+S22+S23]; 1|1[S8]; 0|1[S11+S19+S21]
ENSG00000204815	1	chr17	4	4	0	missense_variant	3.MODERATE	0/0[9], 0/1[2], 1/1[1]	0/0[9] &  0/1[2] &  1/1[1]	0/0[S1+S4+S6+S13+S14+S15+S16+S17+S18]; 0/1[S5+S9]; 1/1[S10]	0/0[10], ./.[1]	0/0[S2+S3+S7+S11+S12+S19+S20+S21+S22+S23]; ./.[S8]
ENSG00000205420	1	chr12	6	6	0	missense_variant	3.MODERATE	0/1[2], 0/0[10]	0/1[2] &  0/0[10]	0/1[S1+S5]; 0/0[S4+S6+S9+S10+S13+S14+S15+S16+S17+S18]	0/0[7], ./.[1], 0/1[2], 1/1[1]	0/0[S2+S3+S7+S12+S19+S22+S23]; ./.[S8]; 0/1[S11+S20]; 1/1[S21]
ENSG00000205592	1	chr12	4	4	0	missense_variant	3.MODERATE	0/1[1], 0/0[11]	0/1[1] &  0/0[11]	0/1[S1]; 0/0[S4+S5+S6+S9+S10+S13+S14+S15+S16+S17+S18]	0/0[7], ./.[1], 0/1[3]	0/0[S2+S3+S7+S12+S21+S22+S23]; ./.[S8]; 0/1[S11+S19+S20]
ENSG00000206260	1	chr3	4	4	0	missense_variant	3.MODERATE	0/0[10], 0/1[2]	0/0[10] &  0/1[2]	0/0[S1+S4+S6+S9+S13+S14+S15+S16+S17+S18]; 0/1[S5+S10]	0/0[8], ./.[1], 0/1[2]	0/0[S2+S3+S7+S11+S12+S19+S22+S23]; ./.[S8]; 0/1[S20+S21]
ENSG00000211638	1	chr22	5	5	0	missense_variant	3.MODERATE	0/1[2], 0/0[10]	0/1[2] &  0/0[10]	0/1[S1+S9]; 0/0[S4+S5+S6+S10+S13+S14+S15+S16+S17+S18]	0/0[7], 0/1[3], ./.[1]	0/0[S2+S3+S11+S12+S20+S22+S23]; 0/1[S7+S19+S21]; ./.[S8]
ENSG00000211649	1	chr22	4	4	0	missense_variant	3.MODERATE	0/1[2], 1/1[10]	0/1[2] &  1/1[10]	0/1[S1+S6]; 1/1[S4+S5+S9+S10+S13+S14+S15+S16+S17+S18]	1/1[8], ./.[1], 0/1[2]	1/1[S2+S3+S7+S11+S12+S19+S22+S23]; ./.[S8]; 0/1[S20+S21]
ENSG00000213088	1	chr1	5	5	0	missense_variant	3.MODERATE	0/1[2], 0/0[10]	0/1[2] &  0/0[10]	0/1[S1+S9]; 0/0[S4+S5+S6+S10+S13+S14+S15+S16+S17+S18]	0/1[3], 0/0[7], ./.[1]	0/1[S2+S20+S21]; 0/0[S3+S7+S11+S12+S19+S22+S23]; ./.[S8]
ENSG00000214078	1	chr20	4	4	0	missense_variant	3.MODERATE	0/1[2], 0/0[10]	0/1[2] &  0/0[10]	0/1[S1+S5]; 0/0[S4+S6+S9+S10+S13+S14+S15+S16+S17+S18]	0/0[8], ./.[1], 0/1[2]	0/0[S2+S3+S7+S12+S19+S21+S22+S23]; ./.[S8]; 0/1[S11+S20]
ENSG00000214491	1	chr22	4	4	0	missense_variant	3.MODERATE	1/1[11], 0/1[1]	1/1[11] &  0/1[1]	1/1[S1+S4+S6+S9+S10+S13+S14+S15+S16+S17+S18]; 0/1[S5]	0/1[3], 1/1[7], ./.[1]	0/1[S2+S19+S21]; 1/1[S3+S7+S11+S12+S20+S22+S23]; ./.[S8]
ENSG00000214562	2	chr10	10	5+5	0	missense_variant; missense_variant	3.MODERATE; 3.MODERATE	0/0[11], 0|1[1] & 0/0[11], 0|1[1]	0/0[11] &  0|1[1]	0/0[S1+S4+S5+S6+S9+S13+S14+S15+S16+S17+S18]; 0|1[S10] & 0/0[S1+S4+S5+S6+S9+S13+S14+S15+S16+S17+S18]; 0|1[S10]	0|1[2], 0/0[7], ./.[1], 1|1[1] & 0|1[2], 0/0[7], ./.[1], 1|1[1]	0|1[S2+S7]; 0/0[S3+S12+S19+S20+S21+S22+S23]; ./.[S8]; 1|1[S11] & 0|1[S2+S7]; 0/0[S3+S12+S19+S20+S21+S22+S23]; ./.[S8]; 1|1[S11]
ENSG00000214891	2	chr11	8	4+4	0	missense_variant; missense_variant	3.MODERATE; 3.MODERATE	0/1[1], 0/0[11] & 0/1[1], 0/0[11]	0/1[1] &  0/0[11]	0/1[S1]; 0/0[S4+S5+S6+S9+S10+S13+S14+S15+S16+S17+S18] & 0/1[S1]; 0/0[S4+S5+S6+S9+S10+S13+S14+S15+S16+S17+S18]	0/0[8], ./.[1], 1/1[1], 0/1[1] & 0/0[8], ./.[1], 1/1[1], 0/1[1]	0/0[S2+S3+S7+S12+S19+S21+S22+S23]; ./.[S8]; 1/1[S11]; 0/1[S20] & 0/0[S2+S3+S7+S12+S19+S21+S22+S23]; ./.[S8]; 1/1[S11]; 0/1[S20]
ENSG00000215182	1	chr11	4	4	0	missense_variant	3.MODERATE	0/0[10], 0/1[2]	0/0[10] &  0/1[2]	0/0[S1+S4+S5+S6+S13+S14+S15+S16+S17+S18]; 0/1[S9+S10]	0/1[2], 0/0[8], ./.[1]	0/1[S2+S20]; 0/0[S3+S7+S11+S12+S19+S21+S22+S23]; ./.[S8]
ENSG00000222038	1	chr2	4	4	0	missense_variant	3.MODERATE	0/1[2], 0/0[10]	0/1[2] &  0/0[10]	0/1[S1+S9]; 0/0[S4+S5+S6+S10+S13+S14+S15+S16+S17+S18]	0/0[8], 0/1[2], ./.[1]	0/0[S2+S3+S11+S12+S20+S21+S22+S23]; 0/1[S7+S19]; ./.[S8]
ENSG00000223547	2	chr19	9	5+4	0	missense_variant; missense_variant	3.MODERATE; 3.MODERATE	0/0[12] & 0/0[12]	0/0[12]	0/0[S1+S4+S5+S6+S9+S10+S13+S14+S15+S16+S17+S18] & 0/0[S1+S4+S5+S6+S9+S10+S13+S14+S15+S16+S17+S18]	0|1[3], 0/0[6], ./.[1], 1|1[1] & 0/1[2], 0/0[7], ./.[1], 1/1[1]	0|1[S2+S7+S11]; 0/0[S3+S12+S19+S21+S22+S23]; ./.[S8]; 1|1[S20] & 0/1[S2+S7]; 0/0[S3+S11+S12+S19+S21+S22+S23]; ./.[S8]; 1/1[S20]
ENSG00000231550	1	chr2	4	4	0	splice_donor_variant&non_coding_transcript_variant	4.HIGH	0/1[3], 0/0[9]	0/1[3] &  0/0[9]	0/1[S1+S5+S9]; 0/0[S4+S6+S10+S13+S14+S15+S16+S17+S18]	0/0[9], ./.[1], 0/1[1]	0/0[S2+S3+S7+S11+S12+S19+S20+S22+S23]; ./.[S8]; 0/1[S21]
ENSG00000249647	1	chr5	4	4	0	splice_donor_variant&non_coding_transcript_variant	4.HIGH	0/0[11], 0|1[1]	0/0[11] &  0|1[1]	0/0[S1+S4+S5+S6+S10+S13+S14+S15+S16+S17+S18]; 0|1[S9]	0/1[2], 0/0[7], ./.[1], 0|1[1]	0/1[S2+S7]; 0/0[S3+S12+S19+S20+S21+S22+S23]; ./.[S8]; 0|1[S11]
ENSG00000254245	1	chr5	5	5	0	missense_variant	3.MODERATE	0/0[10], 0/1[2]	0/0[10] &  0/1[2]	0/0[S1+S4+S6+S9+S13+S14+S15+S16+S17+S18]; 0/1[S5+S10]	0/0[7], 0/1[3], ./.[1]	0/0[S2+S3+S12+S19+S20+S22+S23]; 0/1[S7+S11+S21]; ./.[S8]
ENSG00000261701	1	chr16	5	5	0	missense_variant	3.MODERATE	0/1[2], 0/0[10]	0/1[2] &  0/0[10]	0/1[S1+S6]; 0/0[S4+S5+S9+S10+S13+S14+S15+S16+S17+S18]	0/0[7], 0/1[3], ./.[1]	0/0[S2+S3+S11+S12+S21+S22+S23]; 0/1[S7+S19+S20]; ./.[S8]
ENSG00000263870	1	chr17	5	5	0	splice_acceptor_variant&non_coding_transcript_variant	4.HIGH	0/0[11], 0/1[1]	0/0[11] &  0/1[1]	0/0[S1+S4+S5+S9+S10+S13+S14+S15+S16+S17+S18]; 0/1[S6]	0/0[7], 0|1[2], 1|1[1], 0|0[1]	0/0[S2+S3+S11+S12+S20+S22+S23]; 0|1[S7+S19]; 1|1[S8]; 0|0[S21]
ENSG00000268043	1	chr1	6	6	0	missense_variant	3.MODERATE	0/1[3], 0/0[9]	0/1[3] &  0/0[9]	0/1[S1+S6+S9]; 0/0[S4+S5+S10+S13+S14+S15+S16+S17+S18]	0/0[7], 0/1[3], ./.[1]	0/0[S2+S3+S11+S12+S20+S22+S23]; 0/1[S7+S19+S21]; ./.[S8]
