CHR	SNP	BP	A1	C_A	C_U	A2	CHISQ	P	OR	ID	Consequence_cons	IMPACT_cons	Gene_cons	GT_cases	GT_cntrl
chr12	.	50352078	TGA	11	0	T	13.25	0.0002722		.	frameshift_variant	4.HIGH	ENSG00000185958	0/0[S1+S4+S6+S13+S14+S15+S16+S17+S18]; 1|1[S5+S9+S10]	0/0[S2+S3+S8+S11+S12+S19+S22+S23]; 1|1[S7+S20]; 0|1[S21]
chr11	.	9091455	G	10	0	A	12.94	0.0003214		.	missense_variant	3.MODERATE	ENSG00000175356	0/1[S1+S5+S6+S10]; 0/0[S4+S9+S13+S14+S15+S16+S17+S18]	0/1[S2+S11+S19+S20]; 0/0[S3+S7+S12+S22+S23]; ./.[S8]; 1/1[S21]
chr1	.	223394461	A	9	0	G	11.31	0.0007691		.	missense_variant	3.MODERATE	ENSG00000178395	0/1[S1+S9+S10]; 0/0[S4+S5+S13+S14+S15+S16+S17+S18]; 1/1[S6]	0/0[S2+S3+S7+S11+S12+S22+S23]; ./.[S8]; 0/1[S19+S21]; 1/1[S20]
chr13	.	29324631	A	8	0	C	9.778	0.001766		.	missense_variant	3.MODERATE	ENSG00000132938	0/1[S1+S9+S10]; 1/1[S4+S5+S6+S13+S14+S15+S16+S17+S18]	0/1[S2+S7+S20]; 1/1[S3+S12+S19+S21+S22+S23]; ./.[S8]; 0/0[S11]
chr6	.	70579486	G	7	0	A	8.324	0.003912		.	missense_variant	3.MODERATE	ENSG00000154079	0/0[S1+S4+S6+S9+S13+S14+S15+S16+S17+S18]; 0/1[S5+S10]	0/1[S2+S7+S19]; 0/0[S3+S12+S20+S21+S22+S23]; ./.[S8]; 1/1[S11]
chr2	.	207613128	G	7	0	A	8.324	0.003912		.	missense_variant	3.MODERATE	ENSG00000144401	0/1[S1+S5+S6+S9]; 1/1[S4+S10+S13+S14+S15+S16+S17+S18]	0/1[S2+S19+S20]; 1/1[S3+S7+S11+S12+S21+S22+S23]; ./.[S8]
chr7	.	77627396	G	7	0	A	8.324	0.003912		.	missense_variant	3.MODERATE	ENSG00000127947	0/0[S1+S4+S9+S10+S13+S14+S15+S16+S17+S18]; 0/1[S5+S6]	0/1[S2+S19+S21]; 0/0[S3+S7+S11+S12+S22+S23]; ./.[S8]; 1/1[S20]
chr7	.	140694787	T	7	0	C	8.324	0.003912		.	missense_variant	3.MODERATE	ENSG00000133597	0/1[S1+S5+S6+S10]; 0/0[S4+S9+S13+S14+S15+S16+S17+S18]	0/1[S2]; 0/0[S3+S11+S12+S19+S20+S21+S22+S23]; 1/1[S7]; ./.[S8]
chr16	.	69954416	C	7	0	T	8.324	0.003912		.	missense_variant	3.MODERATE	ENSG00000157322	0/0[S1+S4+S13+S14+S15+S16+S17+S18]; 1/1[S5]; 0/1[S6+S9+S10]	0/0[S2+S3+S7+S11+S12+S21+S22+S23]; ./.[S8]; 0/1[S19+S20]
chr16	.	77735937	A	7	0	G	8.324	0.003912		.	missense_variant	3.MODERATE	ENSG00000140876	0/0[S1+S4+S9+S13+S14+S15+S16+S17+S18]; 0/1[S5+S6+S10]	0/1[S2+S7]; 0/0[S3+S11+S12+S19+S21+S22+S23]; ./.[S8]; 1/1[S20]
chr1	.	248574363	T	7	0	C	8.324	0.003912		.	missense_variant	3.MODERATE	ENSG00000183310	0/0[S1+S4+S9+S13+S14+S15+S16+S17+S18]; 0/1[S5+S6]; 1/1[S10]	0/0[S2+S3+S11+S12+S21+S22+S23]; 0|1[S7+S19]; ./.[S8]; 0/1[S20]
chr6	.	149889587	T	7	0	C	7.568	0.00594		.	missense_variant	3.MODERATE	ENSG00000164520	0/0[S1+S4+S6+S13+S14+S15+S16+S17+S18]; 0/1[S5+S9+S10]	1/1[S2]; 0/0[S3+S7+S8+S11+S12+S20+S22+S23]; 0/1[S19+S21]
chr6	.	166158517	C	7	0	T	7.568	0.00594		.	missense_variant	3.MODERATE	ENSG00000164458	0/1[S1+S5+S6]; 0/0[S4+S9+S10+S13+S14+S15+S16+S17+S18]	0/0[S2+S3+S8+S12+S21+S22+S23]; 0/1[S7+S11+S19+S20]
chr12	.	10098846	C	6	0	G	6.947	0.008394		.	missense_variant	3.MODERATE	ENSG00000150048	1/1[S1+S4+S5+S6+S9+S13+S14+S15+S16+S17+S18]; 0/0[S10]	1/1[S2+S3+S12+S19+S21+S22+S23]; 0/1[S7+S11]; ./.[S8]; 0/0[S20]
chr1	.	146986415	G	6	0	T	6.947	0.008394		.	missense_variant	3.MODERATE	ENSG00000268043	0/1[S1+S6+S9]; 0/0[S4+S5+S10+S13+S14+S15+S16+S17+S18]	0/0[S2+S3+S11+S12+S20+S22+S23]; 0/1[S7+S19+S21]; ./.[S8]
chr20	.	1478415	T	6	0	G	6.947	0.008394		.	missense_variant	3.MODERATE	ENSG00000196209	0/1[S1+S5+S6]; 1/1[S4+S9+S10+S13+S14+S15+S16+S17+S18]	0/0[S2]; 1/1[S3+S7+S11+S12+S19+S21+S22+S23]; ./.[S8]; 0/1[S20]
chr1	.	32207307	G	6	0	T	6.947	0.008394		.	missense_variant	3.MODERATE	ENSG00000160051	0/1[S1+S5+S10]; 0/0[S4+S6+S9+S13+S14+S15+S16+S17+S18]	0/0[S2+S3+S12+S19+S20+S21+S22+S23]; 0/1[S7]; ./.[S8]; 1/1[S11]
chr12	.	52515088	T	6	0	C	6.947	0.008394		.	missense_variant	3.MODERATE	ENSG00000186081	0/1[S1]; 0/0[S4+S6+S9+S10+S13+S14+S15+S16+S17+S18]; 1/1[S5]	0/0[S2+S3+S7+S11+S12+S19+S22+S23]; ./.[S8]; 0/1[S20]; 1/1[S21]
chr7	.	65399694	A	6	0	G	6.947	0.008394		.	missense_variant	3.MODERATE	ENSG00000146757	0/0[S1+S4+S9+S10+S13+S14+S15+S16+S17+S18]; 0/1[S5+S6]	0/0[S2+S3+S7+S12+S21+S22+S23]; ./.[S8]; 0/1[S11+S20]; 1/1[S19]
chr12	.	52493127	C	6	0	T	6.947	0.008394		.	missense_variant	3.MODERATE	ENSG00000205420	0/1[S1+S5]; 0/0[S4+S6+S9+S10+S13+S14+S15+S16+S17+S18]	0/0[S2+S3+S7+S12+S19+S22+S23]; ./.[S8]; 0/1[S11+S20]; 1/1[S21]
chr7	.	65398479	T	6	0	C	6.947	0.008394		.	missense_variant	3.MODERATE	ENSG00000146757	0/0[S1+S4+S9+S10+S13+S14+S15+S16+S17+S18]; 0/1[S5+S6]	0/0[S2+S3+S7+S12+S21+S22+S23]; ./.[S8]; 0/1[S11+S20]; 1/1[S19]
chr19	.	34684687	A	6	0	G	6.325	0.0119		.	missense_variant	3.MODERATE	ENSG00000089335	0/0[S1+S4+S5+S9+S13+S14+S15+S16+S17+S18]; 0/1[S6]; 1/1[S10]	0/0[S2+S3+S8+S11+S12+S19+S22+S23]; 0/1[S7+S20+S21]
chr10	.	87365157	A	5	0	T	5.641	0.01754		.	missense_variant	3.MODERATE	ENSG00000214562	0/0[S1+S4+S5+S6+S9+S13+S14+S15+S16+S17+S18]; 0|1[S10]	0|1[S2+S7]; 0/0[S3+S12+S19+S20+S21+S22+S23]; ./.[S8]; 1|1[S11]
chr9	.	136404128	T	5	0	C	5.641	0.01754		.	missense_variant	3.MODERATE	ENSG00000165689	0/0[S1+S4+S5+S6+S13+S14+S15+S16+S17+S18]; 0/1[S9+S10]	0/0[S2+S3+S7+S11+S12+S22+S23]; ./.[S8]; 0/1[S19+S20+S21]
chr10	.	100256287	T	5	0	C	5.641	0.01754		.	missense_variant	3.MODERATE	ENSG00000095485	0/1[S1]; 0/0[S4+S5+S6+S9+S10+S13+S14+S15+S16+S17+S18]	0/0[S2+S3+S12+S19+S21+S22+S23]; 0/1[S7+S20]; ./.[S8]; 1/1[S11]
chr22	.	50217999	A	5	0	G	5.641	0.01754		.	missense_variant	3.MODERATE	ENSG00000128159	0/0[S1+S4+S5+S10+S13+S14+S15+S16+S17+S18]; 0/1[S6+S9]	0/0[S2+S3+S11+S12+S21+S22+S23]; 0/1[S7+S19+S20]; ./.[S8]
chr9	.	135504123	G	5	0	A	5.641	0.01754		.	missense_variant	3.MODERATE	ENSG00000122140	0/0[S1+S4+S5+S10+S13+S14+S15+S16+S17+S18]; 0/1[S6+S9]	0/0[S2+S3+S12+S20+S21+S22+S23]; 0/1[S7+S11+S19]; ./.[S8]
chr10	.	32291277	T	5	0	C	5.641	0.01754		.	missense_variant	3.MODERATE	ENSG00000120616	0/1[S1+S5]; 0/0[S4+S6+S9+S10+S13+S14+S15+S16+S17+S18]	0/0[S2+S3+S7+S11+S12+S21+S22+S23]; ./.[S8]; 1/1[S19]; 0/1[S20]
chr10	.	87365148	T	5	0	C	5.641	0.01754		.	missense_variant	3.MODERATE	ENSG00000214562	0/0[S1+S4+S5+S6+S9+S13+S14+S15+S16+S17+S18]; 0|1[S10]	0|1[S2+S7]; 0/0[S3+S12+S19+S20+S21+S22+S23]; ./.[S8]; 1|1[S11]
chr1	.	9244919	C	5	0	CCCCAGGCA	5.641	0.01754		.	splice_acceptor_variant&5_prime_utr_variant&intron_variant	4.HIGH	ENSG00000049239	0/0[S1+S4+S6+S9+S13+S14+S15+S16+S17+S18]; 0/1[S5+S10]	0/0[S2+S3+S7+S11+S12+S21+S22+S23]; ./.[S8]; 0/1[S19]; 1/1[S20]
chr15	.	41862540	A	5	0	G	5.641	0.01754		.	missense_variant&splice_region_variant	3.MODERATE	ENSG00000137877	0/0[S1+S4+S10+S13+S14+S15+S16+S17+S18]; 0/1[S5+S6]; 1/1[S9]	0/0[S2+S3+S7+S11+S12+S20+S21+S22+S23]; ./.[S8]; 0/1[S19]
chr16	.	536144	C	5	0	T	5.641	0.01754		.	splice_donor_variant	4.HIGH	ENSG00000103326	0/0[S1+S4+S6+S10+S13+S14+S15+S16+S17+S18]; 1/1[S5]; 0/1[S9]	0/0[S2+S3+S7+S12+S20+S21+S22+S23]; ./.[S8]; 0/1[S11+S19]
chr16	.	72073966	T	5	0	C	5.641	0.01754		.	missense_variant	3.MODERATE	ENSG00000261701	0/1[S1+S6]; 0/0[S4+S5+S9+S10+S13+S14+S15+S16+S17+S18]	0/0[S2+S3+S11+S12+S21+S22+S23]; 0/1[S7+S19+S20]; ./.[S8]
chr19	.	12076106	C	5	0	T	5.641	0.01754		.	missense_variant	3.MODERATE	ENSG00000223547	0/0[S1+S4+S5+S6+S9+S10+S13+S14+S15+S16+S17+S18]	0|1[S2+S7+S11]; 0/0[S3+S12+S19+S21+S22+S23]; ./.[S8]; 1|1[S20]
chr19	.	35939782	G	5	0	GACC	5.641	0.01754		.	inframe_deletion	3.MODERATE	ENSG00000126243	0/0[S1+S4+S5+S9+S10+S13+S14+S15+S16+S18]; 0|1[S6]; 0|0[S17]	0|0[S2]; 0/0[S3+S12+S20+S22+S23]; 0|1[S7+S11+S19+S21]; ./.[S8]
chr20	.	25476386	C	5	0	T	5.641	0.01754		.	missense_variant	3.MODERATE	ENSG00000101004	0/0[S1+S4+S9+S13+S14+S15+S16+S17+S18]; 1/1[S5]; 0/1[S6+S10]	0/0[S2+S3+S7+S12+S19+S20+S21+S22+S23]; ./.[S8]; 0/1[S11]
chr20	.	36008449	T	5	0	C	5.641	0.01754		.	missense_variant	3.MODERATE	ENSG00000149646	0/1[S1+S5]; 0/0[S4+S6+S9+S10+S13+S14+S15+S16+S17+S18]	0/0[S2+S3+S7+S12+S19+S21+S22+S23]; ./.[S8]; 1/1[S11]; 0/1[S20]
chr20	.	57512744	C	5	0	T	5.641	0.01754		.	missense_variant	3.MODERATE	ENSG00000124092	0/1[S1+S5+S6]; 0/0[S4+S9+S10+S13+S14+S15+S16+S17+S18]	0/0[S2+S3+S7+S11+S12+S20+S21+S22+S23]; ./.[S8]; 1/1[S19]
chr20	.	63562775	A	5	0	G	5.641	0.01754		.	missense_variant	3.MODERATE	ENSG00000130589	1/1[S1]; 0/0[S4+S5+S6+S9+S10+S13+S14+S15+S16+S17+S18]	1/1[S2]; 0/0[S3+S7+S12+S19+S20+S21+S22+S23]; ./.[S8]; 0/1[S11]
chr21	.	44976744	C	5	0	G	5.641	0.01754		.	missense_variant	3.MODERATE	ENSG00000160256	0/1[S1+S6+S9]; 0/0[S4+S10+S13+S14+S15+S16+S17+S18]; 1/1[S5]	0/0[S2+S3+S7+S11+S12+S19+S20+S21+S22+S23]; ./.[S8]
chr22	.	15700076	T	5	0	A	5.641	0.01754		.	splice_acceptor_variant	4.HIGH	ENSG00000198062	0/0[S1+S4+S5+S13+S14+S15+S16+S17+S18]; 0/1[S6+S9+S10]	0/1[S2+S20]; 0/0[S3+S7+S11+S12+S19+S21+S22+S23]; ./.[S8]
chr22	.	22099103	T	5	0	C	5.641	0.01754		.	missense_variant	3.MODERATE	ENSG00000211638	0/1[S1+S9]; 0/0[S4+S5+S6+S10+S13+S14+S15+S16+S17+S18]	0/0[S2+S3+S11+S12+S20+S22+S23]; 0/1[S7+S19+S21]; ./.[S8]
chr11	.	102779658	T	5	0	C	5.641	0.01754		.	missense_variant	3.MODERATE	ENSG00000166670	0/0[S1+S4+S6+S9+S10+S13+S14+S15+S16+S17+S18]; 0/1[S5]	0/1[S2+S7+S20+S21]; 0/0[S3+S11+S12+S19+S22+S23]; ./.[S8]
chr15	.	41513039	T	5	0	C	5.641	0.01754		.	missense_variant	3.MODERATE	ENSG00000062524	1/1[S1]; 0/0[S4+S5+S9+S10+S13+S14+S15+S16+S17+S18]; 0/1[S6]	0/0[S2+S3+S7+S11+S12+S21+S22+S23]; ./.[S8]; 0/1[S19+S20]
chr22	.	50548858	G	5	0	A	5.641	0.01754		.	missense_variant	3.MODERATE	ENSG00000130487	0/1[S1+S6+S10]; 0/0[S4+S5+S9+S13+S14+S15+S16+S17+S18]	0/0[S2+S3+S7+S12+S19+S20+S21+S22+S23]; ./.[S8]; 1/1[S11]
chr3	.	171085121	T	5	0	C	5.641	0.01754		.	missense_variant	3.MODERATE	ENSG00000154310	0/0[S1+S4+S9+S13+S14+S15+S16+S17+S18]; 0/1[S5+S6+S10]	0/0[S2+S3+S11+S12+S19+S20+S22+S23]; 0/1[S7+S21]; ./.[S8]
chr1	.	231421509	G	5	0	C	5.641	0.01754		.	missense_variant	3.MODERATE	ENSG00000135766	0/0[S1+S4+S5+S9+S13+S14+S15+S16+S17+S18]; 0/1[S6+S10]	0/1[S2]; 0/0[S3+S7+S12+S19+S20+S21+S22+S23]; ./.[S8]; 1/1[S11]
chr6	.	42256808	T	5	0	A	5.641	0.01754		.	missense_variant	3.MODERATE	ENSG00000124496	0/0[S1+S4+S9+S10+S13+S14+S15+S16+S17+S18]; 0/1[S5+S6]	0/0[S2+S3+S11+S12+S19+S20+S22+S23]; 0/1[S7]; ./.[S8]; 1/1[S21]
chr2	.	71124273	A	5	0	C	5.641	0.01754		.	missense_variant	3.MODERATE	ENSG00000124370	0/0[S1+S4+S6+S10+S13+S14+S15+S16+S17+S18]; 0/1[S5+S9]	0/1[S2+S11+S20]; 0/0[S3+S7+S12+S19+S21+S22+S23]; ./.[S8]
chr5	.	141344493	C	5	0	A	5.641	0.01754		.	missense_variant	3.MODERATE	ENSG00000254245	0/0[S1+S4+S6+S9+S13+S14+S15+S16+S17+S18]; 0/1[S5+S10]	0/0[S2+S3+S12+S19+S20+S22+S23]; 0/1[S7+S11+S21]; ./.[S8]
chr1	.	159205737	A	5	0	G	5.641	0.01754		.	missense_variant	3.MODERATE	ENSG00000213088	0/1[S1+S9]; 0/0[S4+S5+S6+S10+S13+S14+S15+S16+S17+S18]	0/1[S2+S20+S21]; 0/0[S3+S7+S11+S12+S19+S22+S23]; ./.[S8]
chr1	.	29149136	T	5	0	G	5.641	0.01754		.	missense_variant	3.MODERATE	ENSG00000116350	1/1[S1+S4+S5+S6+S9+S10+S13+S14+S15+S16+S17+S18]	0/1[S2+S7+S11+S19+S21]; 1/1[S3+S12+S20+S22+S23]; ./.[S8]
chr1	.	42750259	T	5	0	C	5.641	0.01754		.	missense_variant	3.MODERATE	ENSG00000117385	1/1[S1]; 0/0[S4+S5+S6+S9+S13+S14+S15+S16+S17+S18]; 0/1[S10]	0/1[S2+S20]; 0/0[S3+S7+S11+S12+S19+S21+S22+S23]; ./.[S8]
chr1	.	29216125	A	5	0	G	5.641	0.01754		.	missense_variant	3.MODERATE	ENSG00000116353	1/1[S1+S4+S5+S6+S9+S10+S13+S14+S15+S16+S17+S18]	0/1[S2+S7+S11+S19+S21]; 1/1[S3+S12+S20+S22+S23]; ./.[S8]
chr19	.	35939772	G	5	0	GCAACCGGC	5.16	0.02312		.	frameshift_variant	4.HIGH	ENSG00000126243	0/0[S1+S4+S5+S9+S10+S13+S14+S15+S16+S17+S18]; 0|1[S6]	0/0[S2+S3+S12+S20+S23]; 0|1[S7+S11+S19+S21]; ./.[S8+S22]
chr19	.	35939769	AGTACG	5	0	A	5.16	0.02312		.	frameshift_variant	4.HIGH	ENSG00000126243	0/0[S1+S4+S5+S9+S10+S13+S14+S15+S16+S17+S18]; 0|1[S6]	0/0[S2+S3+S12+S20+S23]; 0|1[S7+S11+S19+S21]; ./.[S8+S22]
chr19	.	35939792	GTTC	5	0	G	5.16	0.02312		.	protein_altering_variant	3.MODERATE	ENSG00000126243	0/0[S1+S4+S5+S9+S10+S13+S14+S15+S16+S17]; 0|1[S6]; ./.[S18]	0|0[S2]; 0/0[S3+S12+S20+S22+S23]; 0|1[S7+S11+S19+S21]; ./.[S8]
chr19	.	35939793	GCGC	5	0	G	5.16	0.02312		.	inframe_insertion	3.MODERATE	ENSG00000126243	0/0[S1+S4+S5+S9+S10+S13+S14+S15+S16+S17]; 0|1[S6]; ./.[S18]	0|0[S2]; 0/0[S3+S12+S20+S22+S23]; 0|1[S7+S11+S19+S21]; ./.[S8]
chr19	.	35939764	CGATT	5	0	C	5.16	0.02312		.	frameshift_variant	4.HIGH	ENSG00000126243	0/0[S1+S4+S5+S9+S10+S13+S14+S15+S16+S17]; 0|1[S6]; ./.[S18]	0/0[S2+S3+S12+S22+S23]; 0|1[S7+S11+S19+S21]; ./.[S8]; 0|0[S20]
chr10	.	79299107	AC	5	0	A	5.142	0.02335		.	frameshift_variant	4.HIGH	ENSG00000108175	0/0[S1+S4+S5+S6+S9+S10+S13+S14+S15+S16+S17+S18]	0/0[S2+S3+S7+S12+S21+S22+S23]; 1|1[S8]; 0|1[S11+S19+S20]
chr10	.	79299109	A	5	0	C	5.142	0.02335		.	missense_variant	3.MODERATE	ENSG00000108175	0/0[S1+S4+S5+S6+S9+S10+S13+S14+S15+S16+S17+S18]	0/0[S2+S3+S7+S12+S21+S22+S23]; 1|1[S8]; 0|1[S11+S19+S20]
chr10	.	79299111	CACGCG	5	0	C	5.142	0.02335		.	frameshift_variant	4.HIGH	ENSG00000108175	0/0[S1+S4+S5+S6+S9+S10+S13+S14+S15+S16+S17+S18]	0/0[S2+S3+S7+S12+S21+S22+S23]; 1|1[S8]; 0|1[S11+S19+S20]
chr15	.	33800816	CTCGTCTGGGGTTG	5	0	C	5.142	0.02335		.	frameshift_variant	4.HIGH	ENSG00000198838	0/0[S1+S4+S5+S6+S9+S10+S13+S14+S15+S16+S17+S18]	0/0[S2+S3+S7+S12+S20+S22+S23]; 1|1[S8]; 0|1[S11+S19+S21]
chr17	.	28444681	CTGCTCGGCGT	5	0	C	5.142	0.02335		.	splice_acceptor_variant&non_coding_transcript_variant	4.HIGH	ENSG00000263870	0/0[S1+S4+S5+S9+S10+S13+S14+S15+S16+S17+S18]; 0/1[S6]	0/0[S2+S3+S11+S12+S20+S22+S23]; 0|1[S7+S19]; 1|1[S8]; 0|0[S21]
chr15	.	33800818	CGTATCCCGTTCCTGCTCTCCATCGTG	5	0	C	5.142	0.02335		.	frameshift_variant	4.HIGH	ENSG00000198838	0/0[S1+S4+S5+S6+S9+S10+S13+S14+S15+S16+S17+S18]	0/0[S2+S3+S7+S12+S20+S22+S23]; 1|1[S8]; 0|1[S11+S19+S21]
chr21	.	30747177	G	5	0	C	5.142	0.02335		.	missense_variant	3.MODERATE	ENSG00000187026	0/0[S1+S4+S5+S9+S10+S13+S14+S15+S16+S17+S18]; 0/1[S6]	0/0[S2+S3+S11+S12+S19+S20+S22+S23]; 0/1[S7+S21]; 1/1[S8]
chr7	.	20367061	AGCCC	5	0	A	5.142	0.02335		.	frameshift_variant	4.HIGH	ENSG00000105855	0|0[S1+S13]; 0/0[S4+S5+S10+S14+S15+S16+S17+S18]; 0/1[S6+S9]	0/0[S2+S3+S7+S19+S20+S22]; 0/1[S8]; 0|1[S11+S21]; 0|0[S12+S23]
chr1	.	27623074	GGC	5	0	G	5.142	0.02335		.	frameshift_variant	4.HIGH	ENSG00000000938	0/0[S1+S4+S5+S6+S10+S13+S14+S15+S16+S17+S18]; 0|1[S9]	0/0[S2+S3+S11+S12+S19+S20+S22+S23]; 0|1[S7+S21]; 1|1[S8]
chr14	.	74526076	TCCTGAATACCCCAGTCGGGCTTCACGATGATGTAGTTCTTCAGCGCGTAGGTC	4	0	T	4.863	0.02744		.	frameshift_variant&splice_region_variant	4.HIGH	ENSG00000119681	0/0[S1+S4+S5+S9+S10+S13+S14+S15+S16+S17+S18]; ./.[S6]	0/0[S2+S3+S11+S12+S21+S22+S23]; 0|1[S7+S20]; 1|1[S8]; ./.[S19]
chr16	.	1434527	A	4	0	G	4.4	0.03594		.	missense_variant	3.MODERATE	ENSG00000197599	0/0[S1+S4+S5+S9+S10+S13+S14+S15+S16+S17+S18]; 1/1[S6]	0/0[S2+S3+S7+S12+S20+S21+S22+S23]; ./.[S8]; 0/1[S11+S19]
chr17	.	47391476	T	4	0	A	4.4	0.03594		.	missense_variant	3.MODERATE	ENSG00000178852	0/0[S1+S4+S5+S6+S9+S10+S13+S14+S15+S16+S17+S18]	0/1[S2+S11+S19+S20]; 0/0[S3+S7+S12+S21+S22+S23]; ./.[S8]
chr17	.	47370466	G	4	0	A	4.4	0.03594		.	missense_variant	3.MODERATE	ENSG00000178852	0/0[S1+S4+S5+S6+S9+S10+S13+S14+S15+S16+S17+S18]	0/1[S2+S11+S19+S20]; 0/0[S3+S7+S12+S21+S22+S23]; ./.[S8]
chr17	.	41930733	T	4	0	C	4.4	0.03594		.	missense_variant	3.MODERATE	ENSG00000204815	0/0[S1+S4+S6+S13+S14+S15+S16+S17+S18]; 0/1[S5+S9]; 1/1[S10]	0/0[S2+S3+S7+S11+S12+S19+S20+S21+S22+S23]; ./.[S8]
chr2	.	61256413	T	4	0	A	4.4	0.03594		.	missense_variant	3.MODERATE	ENSG00000115464	0/1[S1+S9]; 0/0[S4+S5+S6+S10+S13+S14+S15+S16+S17+S18]	0/0[S2+S3+S7+S12+S19+S21+S22+S23]; ./.[S8]; 0/1[S11+S20]
chr2	.	108258742	A	4	0	G	4.4	0.03594		.	missense_variant	3.MODERATE	ENSG00000196228	0/0[S1+S4+S5+S6+S10+S13+S14+S15+S16+S17+S18]; 0/1[S9]	0/0[S2+S3+S12+S20+S21+S22+S23]; 0/1[S7+S11+S19]; ./.[S8]
chr16	.	27363606	G	4	0	T	4.4	0.03594		.	missense_variant	3.MODERATE	ENSG00000077238	0/0[S1+S4+S6+S10+S13+S14+S15+S16+S17+S18]; 0/1[S5+S9]	0/0[S2+S3+S7+S12+S19+S21+S22+S23]; ./.[S8]; 0/1[S11+S20]
chr2	.	85368695	T	4	0	C	4.4	0.03594		.	missense_variant	3.MODERATE	ENSG00000115459	0|1[S1]; 0/0[S4+S5+S9+S10+S13+S14+S15+S16+S17+S18]; 0/1[S6]	0/0[S2+S3+S11+S12+S19+S21+S22+S23]; 0/1[S7+S20]; ./.[S8]
chr15	.	55327598	C	4	0	T	4.4	0.03594		.	missense_variant	3.MODERATE	ENSG00000069943	0/0[S1+S4+S5+S9+S10+S13+S14+S15+S16+S17+S18]; 0/1[S6]	0/1[S2+S7+S21]; 0/0[S3+S11+S12+S19+S20+S22+S23]; ./.[S8]
chr15	.	68335825	T	4	0	C	4.4	0.03594		.	splice_polypyrimidine_tract_variant&intron_variant&non_coding_transcript_variant	2.LOW	ENSG00000137809	0/1[S1+S10]; 0/0[S4+S5+S6+S9+S13+S14+S15+S16+S17+S18]	0/0[S2+S3+S11+S12+S19+S20+S22+S23]; 0/1[S7+S21]; ./.[S8]
chr15	.	100501716	C	4	0	T	4.4	0.03594		.	missense_variant	3.MODERATE	ENSG00000154227	0/0[S1+S4+S5+S6+S10+S13+S14+S15+S16+S17+S18]; 0/1[S9]	0/1[S2+S11+S20]; 0/0[S3+S7+S12+S19+S21+S22+S23]; ./.[S8]
chr2	.	106432991	T	4	0	C	4.4	0.03594		.	missense_variant	3.MODERATE	ENSG00000153165	0/1[S1+S6+S10]; 0/0[S4+S5+S9+S13+S14+S15+S16+S17+S18]	0/0[S2+S3+S7+S11+S12+S20+S21+S22+S23]; ./.[S8]; 0/1[S19]
chr2	.	108659765	T	4	0	G	4.4	0.03594		.	splice_donor_variant	4.HIGH	ENSG00000169756	0/0[S1+S4+S5+S9+S10+S13+S14+S15+S16+S17+S18]; 0/1[S6]	0/1[S2+S19+S21]; 0/0[S3+S7+S11+S12+S20+S22+S23]; ./.[S8]
chr17	.	67056188	A	4	0	G	4.4	0.03594		.	missense_variant	3.MODERATE	ENSG00000108878	0/0[S1+S4+S6+S10+S13+S14+S15+S16+S17+S18]; 0/1[S5+S9]	0/0[S2+S3+S12+S19+S20+S21+S22+S23]; 0/1[S7+S11]; ./.[S8]
chr7	.	23182178	ACGGCAGCAACCG	4	0	A	4.4	0.03594		.	inframe_insertion	3.MODERATE	ENSG00000136243	0/0[S1+S4+S9+S10+S13+S14+S15+S16+S17+S18]; 0/1[S5+S6]	0/0[S2+S3+S7+S11+S12+S19+S22+S23]; ./.[S8]; 0/1[S20+S21]
chr19	.	2917180	A	4	0	G	4.4	0.03594		.	missense_variant	3.MODERATE	ENSG00000171970	0|1[S1+S10]; 0/0[S4+S5+S6+S9+S13+S14+S15+S16+S17+S18]	0/0[S2+S3+S7+S12+S19+S20+S21+S22+S23]; ./.[S8]; 1|1[S11]
chr22	.	30531988	C	4	0	T	4.4	0.03594		.	missense_variant	3.MODERATE	ENSG00000214491	1/1[S1+S4+S6+S9+S10+S13+S14+S15+S16+S17+S18]; 0/1[S5]	0/1[S2+S19+S21]; 1/1[S3+S7+S11+S12+S20+S22+S23]; ./.[S8]
chr22	.	29234348	A	4	0	G	4.4	0.03594		.	missense_variant&splice_region_variant	3.MODERATE	ENSG00000186998	0/0[S1+S4+S5+S6+S9+S10+S13+S14+S15+S16+S17+S18]	0/0[S2+S3+S12+S19+S21+S22+S23]; 0/1[S7+S20]; ./.[S8]; 1/1[S11]
chr22	.	22370026	T	4	0	C	4.4	0.03594		.	missense_variant	3.MODERATE	ENSG00000211649	0/1[S1+S6]; 1/1[S4+S5+S9+S10+S13+S14+S15+S16+S17+S18]	1/1[S2+S3+S7+S11+S12+S19+S22+S23]; ./.[S8]; 0/1[S20+S21]
chr1	.	26952082	C	4	0	T	4.4	0.03594		.	missense_variant	3.MODERATE	ENSG00000175707	0/0[S1+S4+S6+S9+S13+S14+S15+S16+S17+S18]; 0/1[S5+S10]	0/1[S2+S11]; 0/0[S3+S7+S12+S19+S20+S21+S22+S23]; ./.[S8]
chr21	.	44967163	T	4	0	G	4.4	0.03594		.	missense_variant	3.MODERATE	ENSG00000160256	0/1[S1+S5+S6+S9]; 0/0[S4+S10+S13+S14+S15+S16+S17+S18]	0/0[S2+S3+S7+S11+S12+S19+S20+S21+S22+S23]; ./.[S8]
chr21	.	36387659	T	4	0	C	4.4	0.03594		.	missense_variant	3.MODERATE	ENSG00000159259	0/0[S1+S4+S5+S6+S9+S10+S13+S14+S15+S16+S17+S18]	0/1[S2+S7+S20+S21]; 0/0[S3+S11+S12+S19+S22+S23]; ./.[S8]
chr20	.	35631574	C	4	0	T	4.4	0.03594		.	missense_variant	3.MODERATE	ENSG00000214078	0/1[S1+S5]; 0/0[S4+S6+S9+S10+S13+S14+S15+S16+S17+S18]	0/0[S2+S3+S7+S12+S19+S21+S22+S23]; ./.[S8]; 0/1[S11+S20]
chr17	.	68875696	T	4	0	C	4.4	0.03594		.	missense_variant	3.MODERATE	ENSG00000141338	0/1[S1+S6+S10]; 0/0[S4+S5+S9+S13+S14+S15+S16+S17+S18]	0/0[S2+S3+S11+S12+S19+S20+S21+S22+S23]; 0/1[S7]; ./.[S8]
chr1	.	58576509	T	4	0	G	4.4	0.03594		.	missense_variant	3.MODERATE	ENSG00000184292	0/0[S1+S4+S5+S10+S13+S14+S15+S16+S17+S18]; 0/1[S6+S9]	0/0[S2+S3+S12+S19+S20+S21+S22+S23]; 0/1[S7+S11]; ./.[S8]
chr1	.	78650220	C	4	0	T	4.4	0.03594		.	missense_variant	3.MODERATE	ENSG00000137965	0/0[S1+S4+S5+S6+S9+S13+S14+S15+S16+S17+S18]; 0/1[S10]	0/0[S2+S3+S7+S12+S20+S22+S23]; ./.[S8]; 0/1[S11+S19+S21]
chr1	.	225307466	A	4	0	G	4.4	0.03594		.	missense_variant&nmd_transcript_variant	3.MODERATE	ENSG00000185842	0/0[S1+S4+S10+S13+S14+S15+S16+S17+S18]; 0/1[S5+S6+S9]	0/0[S2+S3+S7+S11+S12+S19+S20+S22+S23]; ./.[S8]; 0/1[S21]
chr19	.	15678330	A	4	0	G	4.4	0.03594		.	splice_donor_variant&nmd_transcript_variant	4.HIGH	ENSG00000186204	0/1[S1+S5+S9]; 0/0[S4+S6+S10+S13+S14+S15+S16+S17+S18]	0/0[S2+S3+S7+S12+S19+S20+S21+S22+S23]; ./.[S8]; 0/1[S11]
chr19	.	15678288	A	4	0	G	4.4	0.03594		.	missense_variant	3.MODERATE	ENSG00000186204	0/1[S1+S5+S9]; 1/1[S4+S6+S10+S13+S14+S15+S16+S17+S18]	1/1[S2+S3+S7+S12+S19+S20+S21+S22+S23]; ./.[S8]; 0/1[S11]
chr19	.	15673576	C	4	0	T	4.4	0.03594		.	missense_variant	3.MODERATE	ENSG00000186204	0|1[S1]; 1/1[S4+S6+S10+S13+S14+S15+S16+S17+S18]; 0/1[S5+S9]	1/1[S2+S3+S7+S12+S19+S20+S21+S22+S23]; ./.[S8]; 0/1[S11]
chr19	.	12075917	G	4	0	A	4.4	0.03594		.	missense_variant	3.MODERATE	ENSG00000223547	0/0[S1+S4+S5+S6+S9+S10+S13+S14+S15+S16+S17+S18]	0/1[S2+S7]; 0/0[S3+S11+S12+S19+S21+S22+S23]; ./.[S8]; 1/1[S20]
chr19	.	2917511	A	4	0	G	4.4	0.03594		.	missense_variant	3.MODERATE	ENSG00000171970	0|1[S1+S10]; 0/0[S4+S5+S6+S9+S13+S14+S15+S16+S17+S18]	0/0[S2+S3+S7+S12+S19+S20+S21+S22+S23]; ./.[S8]; 1|1[S11]
chr20	.	1566159	A	4	0	G	4.4	0.03594		.	missense_variant	3.MODERATE	ENSG00000101307	0/0[S1+S4+S9+S10+S13+S14+S15+S16+S17+S18]; 0/1[S5+S6]	0/1[S2+S20]; 0/0[S3+S7+S11+S12+S19+S21+S22+S23]; ./.[S8]
chr19	.	29530116	C	4	0	G	4.4	0.03594		.	missense_variant	3.MODERATE	ENSG00000187135	0/1[S1]; 0/0[S4+S5+S6+S9+S13+S14+S15+S16+S17+S18]; 1/1[S10]	0/0[S2+S3+S7+S11+S12+S19+S20+S22+S23]; ./.[S8]; 0/1[S21]
chr14	.	80504918	T	4	0	C	4.4	0.03594		.	missense_variant	3.MODERATE	ENSG00000100629	0/0[S1+S4+S5+S9+S10+S13+S14+S15+S16+S17+S18]; 0/1[S6]	0/0[S2+S3+S7+S12+S21+S22+S23]; ./.[S8]; 0/1[S11+S19+S20]
chr14	.	45226834	G	4	0	T	4.4	0.03594		.	missense_variant&splice_region_variant	3.MODERATE	ENSG00000129534	0/0[S1+S4+S10+S13+S14+S15+S16+S17+S18]; 0/1[S5+S6+S9]	0/1[S2]; 0/0[S3+S7+S11+S12+S19+S20+S21+S22+S23]; ./.[S8]
chr5	.	90683874	G	4	0	A	4.4	0.03594		.	missense_variant	3.MODERATE	ENSG00000164199	0/0[S1+S4+S6+S9+S10+S13+S14+S15+S16+S17+S18]; 0/1[S5]	0/1[S2]; 0/0[S3+S7+S12+S19+S20+S21+S22+S23]; ./.[S8]; 1/1[S11]
chr10	.	48826788	A	4	0	G	4.4	0.03594		.	missense_variant	3.MODERATE	ENSG00000128815	0/0[S1+S4+S5+S9+S10+S13+S14+S15+S16+S17+S18]; 0/1[S6]	0/0[S2+S3+S7+S12+S20+S21+S22+S23]; ./.[S8]; 1/1[S11]; 0/1[S19]
chr9	.	136405185	T	4	0	C	4.4	0.03594		.	missense_variant	3.MODERATE	ENSG00000165689	0/0[S1+S4+S5+S6+S13+S14+S15+S16+S17+S18]; 0/1[S9+S10]	0/0[S2+S3+S7+S11+S12+S21+S22+S23]; ./.[S8]; 0/1[S19+S20]
chr6	.	16143159	C	4	0	A	4.4	0.03594		.	missense_variant	3.MODERATE	ENSG00000007944	0/0[S1+S4+S5+S9+S10+S13+S14+S15+S16+S17+S18]; 0/1[S6]	0/0[S2+S3+S7+S11+S12+S21+S22+S23]; ./.[S8]; 1/1[S19]; 0/1[S20]
chr9	.	133154258	T	4	0	G	4.4	0.03594		.	splice_polypyrimidine_tract_variant&intron_variant	2.LOW	ENSG00000148288	0/0[S1+S4+S5+S6+S13+S14+S15+S16+S17+S18]; 0/1[S9+S10]	0/0[S2+S3+S11+S12+S19+S21+S22+S23]; 0/1[S7+S20]; ./.[S8]
chr9	.	122750516	G	4	0	C	4.4	0.03594		.	missense_variant	3.MODERATE	ENSG00000171459	1|1[S1+S4+S6+S9+S10+S13+S14+S15+S16+S17+S18]; 0|1[S5]	1|1[S2+S3+S7+S12+S19+S20+S22]; ./.[S8]; 0|0[S11]; 0|1[S21]; 1/1[S23]
chr9	.	122750509	G	4	0	A	4.4	0.03594		.	missense_variant	3.MODERATE	ENSG00000171459	1|1[S1+S4+S6+S9+S10+S13+S14+S15+S16+S17+S18]; 0|1[S5]	1|1[S2+S3+S7+S12+S19+S20+S22]; ./.[S8]; 0|0[S11]; 0|1[S21]; 1/1[S23]
chr9	.	122750296	G	4	0	A	4.4	0.03594		.	missense_variant	3.MODERATE	ENSG00000171459	1/1[S1+S4+S6+S9+S13+S14+S15+S16+S17+S18]; 0/1[S5]; 0|1[S10]	1/1[S2+S3+S7+S12+S19+S20+S22+S23]; ./.[S8]; 0/1[S11+S21]
chr9	.	38575605	G	4	0	T	4.4	0.03594		.	missense_variant	3.MODERATE	ENSG00000180071	0/0[S1+S4+S5+S6+S9+S10+S13+S14+S15+S16+S17+S18]	0/1[S2+S20]; 0/0[S3+S7+S12+S19+S21+S22+S23]; ./.[S8]; 1/1[S11]
chr8	.	119732159	T	4	0	C	4.4	0.03594		.	missense_variant	3.MODERATE	ENSG00000064313	0/0[S1+S4+S6+S9+S10+S13+S14+S15+S16+S17+S18]; 0/1[S5]	0/0[S2+S3+S7+S12+S20+S21+S22+S23]; ./.[S8]; 1/1[S11]; 0/1[S19]
chr8	.	119732109	C	4	0	T	4.4	0.03594		.	missense_variant	3.MODERATE	ENSG00000064313	0/0[S1+S4+S6+S9+S10+S13+S14+S15+S16+S17+S18]; 0/1[S5]	0/0[S2+S3+S7+S12+S20+S21+S22+S23]; ./.[S8]; 1/1[S11]; 0/1[S19]
chr6	.	44147432	A	4	0	G	4.4	0.03594		.	missense_variant	3.MODERATE	ENSG00000137216	0/0[S1+S4+S6+S9+S13+S14+S15+S16+S17+S18]; 0/1[S5+S10]	0/1[S2+S7]; 0/0[S3+S11+S12+S19+S20+S21+S22+S23]; ./.[S8]
chr7	.	100755390	T	4	0	TACA	4.4	0.03594		.	inframe_deletion&nmd_transcript_variant	3.MODERATE	ENSG00000146839	0/0[S1+S4+S9+S10+S13+S14+S15+S16+S17+S18]; 0/1[S5+S6]	0/0[S2+S3+S7+S11+S12+S19+S21+S22+S23]; ./.[S8]; 1/1[S20]
chr7	.	100562641	C	4	0	T	4.4	0.03594		.	missense_variant	3.MODERATE	ENSG00000106351	0/0[S1+S4+S5+S6+S9+S13+S14+S15+S16+S17+S18]; 0/1[S10]	0/0[S2+S3+S11+S12+S21+S22+S23]; 0/1[S7+S20]; ./.[S8]; 0|1[S19]
chr6	.	44286028	G	4	0	A	4.4	0.03594		.	missense_variant	3.MODERATE	ENSG00000146221	0/1[S1]; 0/0[S4+S5+S6+S9+S10+S13+S14+S15+S16+S17+S18]	0/1[S2+S7+S20]; 0/0[S3+S11+S12+S19+S21+S22+S23]; ./.[S8]
chr6	.	56642691	G	4	0	A	4.4	0.03594		.	missense_variant	3.MODERATE	ENSG00000151914	0/0[S1+S4+S9+S10+S13+S14+S15+S16+S17+S18]; 1/1[S5]; 0/1[S6]	0/0[S2+S3+S7+S12+S19+S20+S21+S22+S23]; ./.[S8]; 0/1[S11]
chr6	.	106512061	C	4	0	G	4.4	0.03594		.	missense_variant	3.MODERATE	ENSG00000112297	0/0[S1+S4+S5+S10+S13+S14+S15+S16+S17+S18]; 0/1[S6+S9]	0/0[S2+S3+S7+S12+S19+S20+S22+S23]; ./.[S8]; 0/1[S11+S21]
chr4	.	153294402	T	4	0	TTTGATGA	4.4	0.03594		.	frameshift_variant	4.HIGH	ENSG00000109654	0|0[S1+S4+S6+S18]; 0/0[S5+S10+S13+S14+S15+S16+S17]; 0|1[S9]	0/0[S2+S3+S7+S19+S20+S23]; 1|1[S8]; 0|1[S11]; 0|0[S12+S22]; ./.[S21]
chr10	.	132404851	A	4	0	C	4.4	0.03594		.	stop_gained	4.HIGH	ENSG00000171813	0/0[S1+S4+S5+S9+S10+S13+S14+S15+S16+S17+S18]; 0|1[S6]	0/0[S2+S3+S7+S12+S20+S21+S22+S23]; 1|1[S8]; ./.[S11]; 0|1[S19]
chr5	.	135247612	T	4	0	C	4.4	0.03594		.	splice_donor_variant&non_coding_transcript_variant	4.HIGH	ENSG00000249647	0/0[S1+S4+S5+S6+S10+S13+S14+S15+S16+S17+S18]; 0|1[S9]	0/1[S2+S7]; 0/0[S3+S12+S19+S20+S21+S22+S23]; ./.[S8]; 0|1[S11]
chr3	.	129975838	G	4	0	C	4.4	0.03594		.	missense_variant	3.MODERATE	ENSG00000170893	0/0[S1+S4+S5+S9+S13+S14+S15+S16+S17+S18]; 0/1[S6+S10]	0/1[S2+S11]; 0/0[S3+S7+S12+S19+S20+S21+S22+S23]; ./.[S8]
chr12	.	40484746	C	4	0	G	4.4	0.03594		.	missense_variant	3.MODERATE	ENSG00000205592	0/1[S1]; 0/0[S4+S5+S6+S9+S10+S13+S14+S15+S16+S17+S18]	0/0[S2+S3+S7+S12+S21+S22+S23]; ./.[S8]; 0/1[S11+S19+S20]
chr11	.	1189033	C	4	0	T	4.4	0.03594		.	missense_variant	3.MODERATE	ENSG00000215182	0/0[S1+S4+S5+S6+S13+S14+S15+S16+S17+S18]; 0/1[S9+S10]	0/1[S2+S20]; 0/0[S3+S7+S11+S12+S19+S21+S22+S23]; ./.[S8]
chr3	.	139005550	C	4	0	A	4.4	0.03594		.	missense_variant	3.MODERATE	ENSG00000206260	0/0[S1+S4+S6+S9+S13+S14+S15+S16+S17+S18]; 0/1[S5+S10]	0/0[S2+S3+S7+S11+S12+S19+S22+S23]; ./.[S8]; 0/1[S20+S21]
chr11	.	89798612	C	4	0	G	4.4	0.03594		.	missense_variant	3.MODERATE	ENSG00000168930	0/0[S1+S4+S5+S6+S10+S13+S14+S15+S16+S17+S18]; 0|1[S9]	0/0[S2+S3+S11+S12+S21+S22+S23]; 0|1[S7+S19+S20]; ./.[S8]
chr11	.	60842583	C	4	0	G	4.4	0.03594		.	missense_variant	3.MODERATE	ENSG00000110104	0/0[S1+S4+S5+S6+S10+S13+S14+S15+S16+S17+S18]; 0/1[S9]	0/1[S2+S19]; 0/0[S3+S11+S12+S20+S21+S22+S23]; 0|1[S7]; ./.[S8]
chr12	.	52451790	T	4	0	C	4.4	0.03594		.	missense_variant	3.MODERATE	ENSG00000185479	0/1[S1+S5]; 0/0[S4+S6+S9+S10+S13+S14+S15+S16+S17+S18]	0/0[S2+S3+S7+S11+S12+S19+S22+S23]; ./.[S8]; 0/1[S20+S21]
chr2	.	169767711	T	4	0	C	4.4	0.03594		.	splice_donor_variant&non_coding_transcript_variant	4.HIGH	ENSG00000231550	0/1[S1+S5+S9]; 0/0[S4+S6+S10+S13+S14+S15+S16+S17+S18]	0/0[S2+S3+S7+S11+S12+S19+S20+S22+S23]; ./.[S8]; 0/1[S21]
chr2	.	222671822	A	4	0	G	4.4	0.03594		.	missense_variant	3.MODERATE	ENSG00000124003	0/0[S1+S4+S5+S6+S9+S13+S14+S15+S16+S17+S18]; 0/1[S10]	0/1[S2+S11+S21]; 0/0[S3+S7+S12+S19+S20+S22+S23]; ./.[S8]
chr13	.	41830574	T	4	0	C	4.4	0.03594		.	missense_variant	3.MODERATE	ENSG00000102763	0/0[S1+S4+S6+S13+S14+S15+S16+S17+S18]; 0/1[S5+S9]; 1/1[S10]	0/0[S2+S3+S7+S11+S12+S19+S20+S21+S22+S23]; ./.[S8]
chr14	.	20584255	A	4	0	T	4.4	0.03594		.	missense_variant	3.MODERATE	ENSG00000173464	0/0[S1+S4+S5+S9+S10+S13+S14+S15+S16+S17+S18]; 0/1[S6]	0/0[S2+S3+S12+S20+S21+S22+S23]; 0/1[S7+S11+S19]; ./.[S8]
chr11	.	49059013	C	4	0	A	4.4	0.03594		.	missense_variant	3.MODERATE	ENSG00000214891	0/1[S1]; 0/0[S4+S5+S6+S9+S10+S13+S14+S15+S16+S17+S18]	0/0[S2+S3+S7+S12+S19+S21+S22+S23]; ./.[S8]; 1/1[S11]; 0/1[S20]
chr11	.	49055346	G	4	0	T	4.4	0.03594		.	missense_variant	3.MODERATE	ENSG00000214891	0/1[S1]; 0/0[S4+S5+S6+S9+S10+S13+S14+S15+S16+S17+S18]	0/0[S2+S3+S7+S12+S19+S21+S22+S23]; ./.[S8]; 1/1[S11]; 0/1[S20]
chr14	.	31114306	T	4	0	C	4.4	0.03594		.	missense_variant	3.MODERATE	ENSG00000092148	0/0[S1+S4+S5+S9+S10+S13+S14+S15+S16+S17+S18]; 0/1[S6]	0/0[S2+S3+S11+S12+S19+S20+S22+S23]; 0/1[S7]; ./.[S8]; 1/1[S21]
chr2	.	130656765	A	4	0	G	4.4	0.03594		.	missense_variant	3.MODERATE	ENSG00000222038	0/1[S1+S9]; 0/0[S4+S5+S6+S10+S13+S14+S15+S16+S17+S18]	0/0[S2+S3+S11+S12+S20+S21+S22+S23]; 0/1[S7+S19]; ./.[S8]
chr2	.	230284382	C	4	0	T	4.4	0.03594		.	missense_variant	3.MODERATE	ENSG00000079263	0/0[S1+S4+S6+S9+S10+S13+S14+S15+S16+S17+S18]; 1|1[S5]	0/0[S2+S3+S7+S11+S12+S20+S22+S23]; ./.[S8]; 0|1[S19+S21]
chr10	.	87228805	A	4	0	G	4.019	0.04499		.	missense_variant	3.MODERATE	ENSG00000184923	0/0[S1+S4+S6+S10+S13+S14+S15+S16+S17+S18]; 0|1[S5+S9]	0/0[S2+S3+S11+S12+S19+S20+S21+S23]; 1|1[S7]; ./.[S8+S22]
chr9	.	122750491	T	4	0	C	4.019	0.04499		.	missense_variant	3.MODERATE	ENSG00000171459	1/1[S1+S4+S6+S9+S10+S13+S14+S16+S17+S18]; 0/1[S5]; ./.[S15]	1/1[S2+S3+S7+S12+S19+S20+S22+S23]; ./.[S8]; 0/0[S11]; 0/1[S21]
chr8	.	17562030	A	4	0	G	4.016	0.04507		.	missense_variant	3.MODERATE	ENSG00000003989	0/0[S1+S4+S6+S9+S10+S13+S14+S15+S16+S17+S18]; 0/1[S5]	0/1[S2+S20+S21]; 0/0[S3+S7+S8+S11+S12+S19+S22+S23]
chr16	.	27769988	A	4	0	G	4.016	0.04507		.	missense_variant	3.MODERATE	ENSG00000047578	0/0[S1+S4+S5+S6+S9+S10+S13+S14+S15+S16+S17+S18]	0/0[S2+S3+S8+S11+S12+S20+S22+S23]; 1/1[S7]; 0/1[S19+S21]
chr10	.	132404850	C	4	0	A	4.016	0.04507		.	missense_variant	3.MODERATE	ENSG00000171813	0/0[S1+S4+S5+S9+S10+S13+S14+S15+S16+S17+S18]; 0|1[S6]	0/0[S2+S3+S7+S11+S12+S20+S21+S22+S23]; 1|1[S8]; 0|1[S19]
chr17	.	62676422	GATGCT	4	0	G	4.016	0.04507		.	frameshift_variant	4.HIGH	ENSG00000011028	0/0[S1+S4+S5+S6+S10+S13+S14+S15+S16+S17+S18]; 0|1[S9]	0/0[S2+S3+S7+S11+S12+S19+S21+S22+S23]; 1|1[S8]; 0|1[S20]
chr17	.	62676449	G	4	0	GC	4.016	0.04507		.	frameshift_variant	4.HIGH	ENSG00000011028	0/0[S1+S4+S5+S6+S10+S13+S14+S15+S16+S17+S18]; 0|1[S9]	0/0[S2+S3+S7+S11+S12+S19+S21+S22+S23]; 1|1[S8]; 0|1[S20]
chr10	.	79299069	G	4	0	GCGGCTCACATTCC	4.016	0.04507		.	frameshift_variant	4.HIGH	ENSG00000108175	0/0[S1+S4+S5+S6+S9+S10+S13+S14+S15+S16+S17+S18]	0/0[S2+S3+S7+S12+S21+S22+S23]; 0|1[S8+S11+S19+S20]
chr10	.	79299085	G	4	0	GTGCGGGAT	4.016	0.04507		.	frameshift_variant	4.HIGH	ENSG00000108175	0/0[S1+S4+S5+S6+S9+S10+S13+S14+S15+S16+S17+S18]	0/0[S2+S3+S7+S12+S21+S22+S23]; 0|1[S8+S11+S19+S20]
chr10	.	79299106	GCC	4	0	G	4.016	0.04507		.	frameshift_variant	4.HIGH	ENSG00000108175	0/0[S1+S4+S5+S6+S9+S10+S13+S14+S15+S16+S17+S18]	0/0[S2+S3+S7+S12+S21+S22+S23]; 1|1[S8]; 0|0[S11]; 0|1[S19+S20]
chr10	.	79299115	C	4	0	CGCCTG	4.016	0.04507		.	frameshift_variant	4.HIGH	ENSG00000108175	0/0[S1+S4+S5+S6+S9+S10+S13+S14+S15+S16+S17+S18]	0/0[S2+S3+S7+S12+S21+S22+S23]; 1|1[S8]; 0|1[S11+S19]; 0|0[S20]
chr14	.	74526073	ACCG	4	0	A	4.016	0.04507		.	splice_donor_variant	4.HIGH	ENSG00000119681	0/0[S1+S4+S5+S6+S9+S10+S13+S14+S15+S16+S17+S18]	0/0[S2+S3+S11+S12+S19+S21+S22+S23]; 0|1[S7+S20]; 1|1[S8]
chr4	.	84751679	TGA	4	0	T	4.016	0.04507		.	frameshift_variant	4.HIGH	ENSG00000163625	0/0[S1+S4+S9+S10+S13+S14+S15+S16+S17+S18]; 0|1[S5+S6]	0/0[S2+S3+S7+S11+S12+S19+S20+S21+S22+S23]; 1|1[S8]
chr1	.	40514996	C	4	0	T	4.016	0.04507		.	missense_variant	3.MODERATE	ENSG00000164002	0/0[S1+S4+S5+S6+S9+S10+S13+S14+S15+S16+S17+S18]	0/1[S2+S21]; 0/0[S3+S7+S11+S12+S19+S20+S22+S23]; 1/1[S8]
chr10	.	132404801	CTGCTG	4	0	C	4.016	0.04507		.	frameshift_variant	4.HIGH	ENSG00000171813	0/0[S1+S4+S5+S9+S10+S13+S14+S15+S16+S17]; 0|1[S6]; 0|0[S18]	0/0[S2+S3+S7+S11+S12+S20+S21+S22+S23]; 1|1[S8]; 0|1[S19]
