incoming,converted,n_incoming,n_converted,name,description,namespaces,query
ENSG00000000938,ENSP00000363115,1,1,FGR,"FGR proto-oncogene, Src family tyrosine kinase [Source:HGNC Symbol;Acc:HGNC:3697]","ARRAYEXPRESS,ENSG",query_1
ENSG00000000938,ENSP00000363116,1,2,FGR,"FGR proto-oncogene, Src family tyrosine kinase [Source:HGNC Symbol;Acc:HGNC:3697]","ARRAYEXPRESS,ENSG",query_1
ENSG00000000938,ENSP00000363117,1,3,FGR,"FGR proto-oncogene, Src family tyrosine kinase [Source:HGNC Symbol;Acc:HGNC:3697]","ARRAYEXPRESS,ENSG",query_1
ENSG00000000938,ENSP00000382126,1,4,FGR,"FGR proto-oncogene, Src family tyrosine kinase [Source:HGNC Symbol;Acc:HGNC:3697]","ARRAYEXPRESS,ENSG",query_1
ENSG00000000938,ENSP00000407670,1,5,FGR,"FGR proto-oncogene, Src family tyrosine kinase [Source:HGNC Symbol;Acc:HGNC:3697]","ARRAYEXPRESS,ENSG",query_1
ENSG00000003989,ENSP00000004531,2,1,SLC7A2,solute carrier family 7 member 2 [Source:HGNC Symbol;Acc:HGNC:11060],"ARRAYEXPRESS,ENSG",query_1
ENSG00000003989,ENSP00000381164,2,2,SLC7A2,solute carrier family 7 member 2 [Source:HGNC Symbol;Acc:HGNC:11060],"ARRAYEXPRESS,ENSG",query_1
ENSG00000003989,ENSP00000419140,2,3,SLC7A2,solute carrier family 7 member 2 [Source:HGNC Symbol;Acc:HGNC:11060],"ARRAYEXPRESS,ENSG",query_1
ENSG00000003989,ENSP00000419873,2,4,SLC7A2,solute carrier family 7 member 2 [Source:HGNC Symbol;Acc:HGNC:11060],"ARRAYEXPRESS,ENSG",query_1
ENSG00000003989,ENSP00000430464,2,5,SLC7A2,solute carrier family 7 member 2 [Source:HGNC Symbol;Acc:HGNC:11060],"ARRAYEXPRESS,ENSG",query_1
ENSG00000003989,ENSP00000492016,2,6,SLC7A2,solute carrier family 7 member 2 [Source:HGNC Symbol;Acc:HGNC:11060],"ARRAYEXPRESS,ENSG",query_1
ENSG00000007944,ENSP00000008686,3,1,MYLIP,myosin regulatory light chain interacting protein [Source:HGNC Symbol;Acc:HGNC:21155],"ARRAYEXPRESS,ENSG",query_1
ENSG00000007944,ENSP00000349298,3,2,MYLIP,myosin regulatory light chain interacting protein [Source:HGNC Symbol;Acc:HGNC:21155],"ARRAYEXPRESS,ENSG",query_1
ENSG00000011028,ENSP00000307513,4,1,MRC2,mannose receptor C type 2 [Source:HGNC Symbol;Acc:HGNC:16875],"ARRAYEXPRESS,ENSG",query_1
ENSG00000011028,ENSP00000400445,4,2,MRC2,mannose receptor C type 2 [Source:HGNC Symbol;Acc:HGNC:16875],"ARRAYEXPRESS,ENSG",query_1
ENSG00000011028,ENSP00000461968,4,3,MRC2,mannose receptor C type 2 [Source:HGNC Symbol;Acc:HGNC:16875],"ARRAYEXPRESS,ENSG",query_1
ENSG00000011028,ENSP00000463968,4,4,MRC2,mannose receptor C type 2 [Source:HGNC Symbol;Acc:HGNC:16875],"ARRAYEXPRESS,ENSG",query_1
ENSG00000047578,ENSP00000261588,5,1,KATNIP,katanin interacting protein [Source:HGNC Symbol;Acc:HGNC:29068],"ARRAYEXPRESS,ENSG",query_1
ENSG00000047578,ENSP00000454884,5,2,KATNIP,katanin interacting protein [Source:HGNC Symbol;Acc:HGNC:29068],"ARRAYEXPRESS,ENSG",query_1
ENSG00000047578,ENSP00000455380,5,3,KATNIP,katanin interacting protein [Source:HGNC Symbol;Acc:HGNC:29068],"ARRAYEXPRESS,ENSG",query_1
ENSG00000047578,ENSP00000483214,5,4,KATNIP,katanin interacting protein [Source:HGNC Symbol;Acc:HGNC:29068],"ARRAYEXPRESS,ENSG",query_1
ENSG00000049239,ENSP00000366620,6,1,H6PD,hexose-6-phosphate dehydrogenase/glucose 1-dehydrogenase [Source:HGNC Symbol;Acc:HGNC:4795],"ARRAYEXPRESS,ENSG",query_1
ENSG00000049239,ENSP00000473348,6,2,H6PD,hexose-6-phosphate dehydrogenase/glucose 1-dehydrogenase [Source:HGNC Symbol;Acc:HGNC:4795],"ARRAYEXPRESS,ENSG",query_1
ENSG00000062524,ENSP00000263800,7,1,LTK,leukocyte receptor tyrosine kinase [Source:HGNC Symbol;Acc:HGNC:6721],"ARRAYEXPRESS,ENSG",query_1
ENSG00000062524,ENSP00000347293,7,2,LTK,leukocyte receptor tyrosine kinase [Source:HGNC Symbol;Acc:HGNC:6721],"ARRAYEXPRESS,ENSG",query_1
ENSG00000062524,ENSP00000392196,7,3,LTK,leukocyte receptor tyrosine kinase [Source:HGNC Symbol;Acc:HGNC:6721],"ARRAYEXPRESS,ENSG",query_1
ENSG00000062524,ENSP00000458111,7,4,LTK,leukocyte receptor tyrosine kinase [Source:HGNC Symbol;Acc:HGNC:6721],"ARRAYEXPRESS,ENSG",query_1
ENSG00000064313,ENSP00000367406,8,1,TAF2,TATA-box binding protein associated factor 2 [Source:HGNC Symbol;Acc:HGNC:11536],"ARRAYEXPRESS,ENSG",query_1
ENSG00000064313,ENSP00000428484,8,2,TAF2,TATA-box binding protein associated factor 2 [Source:HGNC Symbol;Acc:HGNC:11536],"ARRAYEXPRESS,ENSG",query_1
ENSG00000064313,ENSP00000428690,8,3,TAF2,TATA-box binding protein associated factor 2 [Source:HGNC Symbol;Acc:HGNC:11536],"ARRAYEXPRESS,ENSG",query_1
ENSG00000064313,ENSP00000430832,8,4,TAF2,TATA-box binding protein associated factor 2 [Source:HGNC Symbol;Acc:HGNC:11536],"ARRAYEXPRESS,ENSG",query_1
ENSG00000064313,ENSP00000436750,8,5,TAF2,TATA-box binding protein associated factor 2 [Source:HGNC Symbol;Acc:HGNC:11536],"ARRAYEXPRESS,ENSG",query_1
ENSG00000064313,ENSP00000508515,8,6,TAF2,TATA-box binding protein associated factor 2 [Source:HGNC Symbol;Acc:HGNC:11536],"ARRAYEXPRESS,ENSG",query_1
ENSG00000064313,ENSP00000508549,8,7,TAF2,TATA-box binding protein associated factor 2 [Source:HGNC Symbol;Acc:HGNC:11536],"ARRAYEXPRESS,ENSG",query_1
ENSG00000064313,ENSP00000508729,8,8,TAF2,TATA-box binding protein associated factor 2 [Source:HGNC Symbol;Acc:HGNC:11536],"ARRAYEXPRESS,ENSG",query_1
ENSG00000064313,ENSP00000508959,8,9,TAF2,TATA-box binding protein associated factor 2 [Source:HGNC Symbol;Acc:HGNC:11536],"ARRAYEXPRESS,ENSG",query_1
ENSG00000064313,ENSP00000508988,8,10,TAF2,TATA-box binding protein associated factor 2 [Source:HGNC Symbol;Acc:HGNC:11536],"ARRAYEXPRESS,ENSG",query_1
ENSG00000064313,ENSP00000509024,8,11,TAF2,TATA-box binding protein associated factor 2 [Source:HGNC Symbol;Acc:HGNC:11536],"ARRAYEXPRESS,ENSG",query_1
ENSG00000064313,ENSP00000509102,8,12,TAF2,TATA-box binding protein associated factor 2 [Source:HGNC Symbol;Acc:HGNC:11536],"ARRAYEXPRESS,ENSG",query_1
ENSG00000064313,ENSP00000509198,8,13,TAF2,TATA-box binding protein associated factor 2 [Source:HGNC Symbol;Acc:HGNC:11536],"ARRAYEXPRESS,ENSG",query_1
ENSG00000064313,ENSP00000509206,8,14,TAF2,TATA-box binding protein associated factor 2 [Source:HGNC Symbol;Acc:HGNC:11536],"ARRAYEXPRESS,ENSG",query_1
ENSG00000064313,ENSP00000509214,8,15,TAF2,TATA-box binding protein associated factor 2 [Source:HGNC Symbol;Acc:HGNC:11536],"ARRAYEXPRESS,ENSG",query_1
ENSG00000064313,ENSP00000509441,8,16,TAF2,TATA-box binding protein associated factor 2 [Source:HGNC Symbol;Acc:HGNC:11536],"ARRAYEXPRESS,ENSG",query_1
ENSG00000064313,ENSP00000509498,8,17,TAF2,TATA-box binding protein associated factor 2 [Source:HGNC Symbol;Acc:HGNC:11536],"ARRAYEXPRESS,ENSG",query_1
ENSG00000064313,ENSP00000509603,8,18,TAF2,TATA-box binding protein associated factor 2 [Source:HGNC Symbol;Acc:HGNC:11536],"ARRAYEXPRESS,ENSG",query_1
ENSG00000064313,ENSP00000509663,8,19,TAF2,TATA-box binding protein associated factor 2 [Source:HGNC Symbol;Acc:HGNC:11536],"ARRAYEXPRESS,ENSG",query_1
ENSG00000064313,ENSP00000509791,8,20,TAF2,TATA-box binding protein associated factor 2 [Source:HGNC Symbol;Acc:HGNC:11536],"ARRAYEXPRESS,ENSG",query_1
ENSG00000064313,ENSP00000509978,8,21,TAF2,TATA-box binding protein associated factor 2 [Source:HGNC Symbol;Acc:HGNC:11536],"ARRAYEXPRESS,ENSG",query_1
ENSG00000064313,ENSP00000510102,8,22,TAF2,TATA-box binding protein associated factor 2 [Source:HGNC Symbol;Acc:HGNC:11536],"ARRAYEXPRESS,ENSG",query_1
ENSG00000064313,ENSP00000510169,8,23,TAF2,TATA-box binding protein associated factor 2 [Source:HGNC Symbol;Acc:HGNC:11536],"ARRAYEXPRESS,ENSG",query_1
ENSG00000064313,ENSP00000510174,8,24,TAF2,TATA-box binding protein associated factor 2 [Source:HGNC Symbol;Acc:HGNC:11536],"ARRAYEXPRESS,ENSG",query_1
ENSG00000064313,ENSP00000510262,8,25,TAF2,TATA-box binding protein associated factor 2 [Source:HGNC Symbol;Acc:HGNC:11536],"ARRAYEXPRESS,ENSG",query_1
ENSG00000064313,ENSP00000510493,8,26,TAF2,TATA-box binding protein associated factor 2 [Source:HGNC Symbol;Acc:HGNC:11536],"ARRAYEXPRESS,ENSG",query_1
ENSG00000064313,ENSP00000510548,8,27,TAF2,TATA-box binding protein associated factor 2 [Source:HGNC Symbol;Acc:HGNC:11536],"ARRAYEXPRESS,ENSG",query_1
ENSG00000064313,ENSP00000510768,8,28,TAF2,TATA-box binding protein associated factor 2 [Source:HGNC Symbol;Acc:HGNC:11536],"ARRAYEXPRESS,ENSG",query_1
ENSG00000069943,ENSP00000164305,9,1,PIGB,phosphatidylinositol glycan anchor biosynthesis class B [Source:HGNC Symbol;Acc:HGNC:8959],"ARRAYEXPRESS,ENSG",query_1
ENSG00000069943,ENSP00000438963,9,2,PIGB,phosphatidylinositol glycan anchor biosynthesis class B [Source:HGNC Symbol;Acc:HGNC:8959],"ARRAYEXPRESS,ENSG",query_1
ENSG00000069943,ENSP00000455040,9,3,PIGB,phosphatidylinositol glycan anchor biosynthesis class B [Source:HGNC Symbol;Acc:HGNC:8959],"ARRAYEXPRESS,ENSG",query_1
ENSG00000069943,ENSP00000455943,9,4,PIGB,phosphatidylinositol glycan anchor biosynthesis class B [Source:HGNC Symbol;Acc:HGNC:8959],"ARRAYEXPRESS,ENSG",query_1
ENSG00000069943,ENSP00000456285,9,5,PIGB,phosphatidylinositol glycan anchor biosynthesis class B [Source:HGNC Symbol;Acc:HGNC:8959],"ARRAYEXPRESS,ENSG",query_1
ENSG00000069943,ENSP00000456531,9,6,PIGB,phosphatidylinositol glycan anchor biosynthesis class B [Source:HGNC Symbol;Acc:HGNC:8959],"ARRAYEXPRESS,ENSG",query_1
ENSG00000077238,ENSP00000170630,10,1,IL4R,interleukin 4 receptor [Source:HGNC Symbol;Acc:HGNC:6015],"ARRAYEXPRESS,ENSG",query_1
ENSG00000077238,ENSP00000379111,10,2,IL4R,interleukin 4 receptor [Source:HGNC Symbol;Acc:HGNC:6015],"ARRAYEXPRESS,ENSG",query_1
ENSG00000077238,ENSP00000441667,10,3,IL4R,interleukin 4 receptor [Source:HGNC Symbol;Acc:HGNC:6015],"ARRAYEXPRESS,ENSG",query_1
ENSG00000077238,ENSP00000454684,10,4,IL4R,interleukin 4 receptor [Source:HGNC Symbol;Acc:HGNC:6015],"ARRAYEXPRESS,ENSG",query_1
ENSG00000077238,ENSP00000454725,10,5,IL4R,interleukin 4 receptor [Source:HGNC Symbol;Acc:HGNC:6015],"ARRAYEXPRESS,ENSG",query_1
ENSG00000077238,ENSP00000455632,10,6,IL4R,interleukin 4 receptor [Source:HGNC Symbol;Acc:HGNC:6015],"ARRAYEXPRESS,ENSG",query_1
ENSG00000077238,ENSP00000455714,10,7,IL4R,interleukin 4 receptor [Source:HGNC Symbol;Acc:HGNC:6015],"ARRAYEXPRESS,ENSG",query_1
ENSG00000077238,ENSP00000456248,10,8,IL4R,interleukin 4 receptor [Source:HGNC Symbol;Acc:HGNC:6015],"ARRAYEXPRESS,ENSG",query_1
ENSG00000077238,ENSP00000456669,10,9,IL4R,interleukin 4 receptor [Source:HGNC Symbol;Acc:HGNC:6015],"ARRAYEXPRESS,ENSG",query_1
ENSG00000077238,ENSP00000456930,10,10,IL4R,interleukin 4 receptor [Source:HGNC Symbol;Acc:HGNC:6015],"ARRAYEXPRESS,ENSG",query_1
ENSG00000077238,ENSP00000457131,10,11,IL4R,interleukin 4 receptor [Source:HGNC Symbol;Acc:HGNC:6015],"ARRAYEXPRESS,ENSG",query_1
ENSG00000077238,ENSP00000461268,10,12,IL4R,interleukin 4 receptor [Source:HGNC Symbol;Acc:HGNC:6015],"ARRAYEXPRESS,ENSG",query_1
ENSG00000077238,ENSP00000461607,10,13,IL4R,interleukin 4 receptor [Source:HGNC Symbol;Acc:HGNC:6015],"ARRAYEXPRESS,ENSG",query_1
ENSG00000077238,ENSP00000486645,10,14,IL4R,interleukin 4 receptor [Source:HGNC Symbol;Acc:HGNC:6015],"ARRAYEXPRESS,ENSG",query_1
ENSG00000079263,ENSP00000342096,11,1,SP140,SP140 nuclear body protein [Source:HGNC Symbol;Acc:HGNC:17133],"ARRAYEXPRESS,ENSG",query_1
ENSG00000079263,ENSP00000362749,11,2,SP140,SP140 nuclear body protein [Source:HGNC Symbol;Acc:HGNC:17133],"ARRAYEXPRESS,ENSG",query_1
ENSG00000079263,ENSP00000375899,11,3,SP140,SP140 nuclear body protein [Source:HGNC Symbol;Acc:HGNC:17133],"ARRAYEXPRESS,ENSG",query_1
ENSG00000079263,ENSP00000393618,11,4,SP140,SP140 nuclear body protein [Source:HGNC Symbol;Acc:HGNC:17133],"ARRAYEXPRESS,ENSG",query_1
ENSG00000079263,ENSP00000398210,11,5,SP140,SP140 nuclear body protein [Source:HGNC Symbol;Acc:HGNC:17133],"ARRAYEXPRESS,ENSG",query_1
ENSG00000079263,ENSP00000475284,11,6,SP140,SP140 nuclear body protein [Source:HGNC Symbol;Acc:HGNC:17133],"ARRAYEXPRESS,ENSG",query_1
ENSG00000089335,ENSP00000391067,12,1,ZNF302,zinc finger protein 302 [Source:HGNC Symbol;Acc:HGNC:13848],"ARRAYEXPRESS,ENSG",query_1
ENSG00000089335,ENSP00000396379,12,2,ZNF302,zinc finger protein 302 [Source:HGNC Symbol;Acc:HGNC:13848],"ARRAYEXPRESS,ENSG",query_1
ENSG00000089335,ENSP00000405219,12,3,ZNF302,zinc finger protein 302 [Source:HGNC Symbol;Acc:HGNC:13848],"ARRAYEXPRESS,ENSG",query_1
ENSG00000089335,ENSP00000421028,12,4,ZNF302,zinc finger protein 302 [Source:HGNC Symbol;Acc:HGNC:13848],"ARRAYEXPRESS,ENSG",query_1
ENSG00000089335,ENSP00000421201,12,5,ZNF302,zinc finger protein 302 [Source:HGNC Symbol;Acc:HGNC:13848],"ARRAYEXPRESS,ENSG",query_1
ENSG00000089335,ENSP00000421696,12,6,ZNF302,zinc finger protein 302 [Source:HGNC Symbol;Acc:HGNC:13848],"ARRAYEXPRESS,ENSG",query_1
ENSG00000089335,ENSP00000423235,12,7,ZNF302,zinc finger protein 302 [Source:HGNC Symbol;Acc:HGNC:13848],"ARRAYEXPRESS,ENSG",query_1
ENSG00000089335,ENSP00000423460,12,8,ZNF302,zinc finger protein 302 [Source:HGNC Symbol;Acc:HGNC:13848],"ARRAYEXPRESS,ENSG",query_1
ENSG00000089335,ENSP00000424292,12,9,ZNF302,zinc finger protein 302 [Source:HGNC Symbol;Acc:HGNC:13848],"ARRAYEXPRESS,ENSG",query_1
ENSG00000089335,ENSP00000477197,12,10,ZNF302,zinc finger protein 302 [Source:HGNC Symbol;Acc:HGNC:13848],"ARRAYEXPRESS,ENSG",query_1
ENSG00000089335,ENSP00000481754,12,11,ZNF302,zinc finger protein 302 [Source:HGNC Symbol;Acc:HGNC:13848],"ARRAYEXPRESS,ENSG",query_1
ENSG00000092148,ENSP00000382269,13,1,HECTD1,HECT domain E3 ubiquitin protein ligase 1 [Source:HGNC Symbol;Acc:HGNC:20157],"ARRAYEXPRESS,ENSG",query_1
ENSG00000092148,ENSP00000450697,13,2,HECTD1,HECT domain E3 ubiquitin protein ligase 1 [Source:HGNC Symbol;Acc:HGNC:20157],"ARRAYEXPRESS,ENSG",query_1
ENSG00000092148,ENSP00000450920,13,3,HECTD1,HECT domain E3 ubiquitin protein ligase 1 [Source:HGNC Symbol;Acc:HGNC:20157],"ARRAYEXPRESS,ENSG",query_1
ENSG00000092148,ENSP00000451260,13,4,HECTD1,HECT domain E3 ubiquitin protein ligase 1 [Source:HGNC Symbol;Acc:HGNC:20157],"ARRAYEXPRESS,ENSG",query_1
ENSG00000092148,ENSP00000451860,13,5,HECTD1,HECT domain E3 ubiquitin protein ligase 1 [Source:HGNC Symbol;Acc:HGNC:20157],"ARRAYEXPRESS,ENSG",query_1
ENSG00000092148,ENSP00000452015,13,6,HECTD1,HECT domain E3 ubiquitin protein ligase 1 [Source:HGNC Symbol;Acc:HGNC:20157],"ARRAYEXPRESS,ENSG",query_1
ENSG00000092148,ENSP00000484981,13,7,HECTD1,HECT domain E3 ubiquitin protein ligase 1 [Source:HGNC Symbol;Acc:HGNC:20157],"ARRAYEXPRESS,ENSG",query_1
ENSG00000092148,ENSP00000508604,13,8,HECTD1,HECT domain E3 ubiquitin protein ligase 1 [Source:HGNC Symbol;Acc:HGNC:20157],"ARRAYEXPRESS,ENSG",query_1
ENSG00000092148,ENSP00000509007,13,9,HECTD1,HECT domain E3 ubiquitin protein ligase 1 [Source:HGNC Symbol;Acc:HGNC:20157],"ARRAYEXPRESS,ENSG",query_1
ENSG00000092148,ENSP00000509342,13,10,HECTD1,HECT domain E3 ubiquitin protein ligase 1 [Source:HGNC Symbol;Acc:HGNC:20157],"ARRAYEXPRESS,ENSG",query_1
ENSG00000092148,ENSP00000510470,13,11,HECTD1,HECT domain E3 ubiquitin protein ligase 1 [Source:HGNC Symbol;Acc:HGNC:20157],"ARRAYEXPRESS,ENSG",query_1
ENSG00000095485,ENSP00000326411,14,1,CWF19L1,CWF19 like cell cycle control factor 1 [Source:HGNC Symbol;Acc:HGNC:25613],"ARRAYEXPRESS,ENSG",query_1
ENSG00000095485,ENSP00000492899,14,2,CWF19L1,CWF19 like cell cycle control factor 1 [Source:HGNC Symbol;Acc:HGNC:25613],"ARRAYEXPRESS,ENSG",query_1
ENSG00000095485,ENSP00000492991,14,3,CWF19L1,CWF19 like cell cycle control factor 1 [Source:HGNC Symbol;Acc:HGNC:25613],"ARRAYEXPRESS,ENSG",query_1
ENSG00000095485,ENSP00000493150,14,4,CWF19L1,CWF19 like cell cycle control factor 1 [Source:HGNC Symbol;Acc:HGNC:25613],"ARRAYEXPRESS,ENSG",query_1
ENSG00000100629,ENSP00000216517,15,1,CEP128,centrosomal protein 128 [Source:HGNC Symbol;Acc:HGNC:20359],"ARRAYEXPRESS,ENSG",query_1
ENSG00000100629,ENSP00000281129,15,2,CEP128,centrosomal protein 128 [Source:HGNC Symbol;Acc:HGNC:20359],"ARRAYEXPRESS,ENSG",query_1
ENSG00000100629,ENSP00000450555,15,3,CEP128,centrosomal protein 128 [Source:HGNC Symbol;Acc:HGNC:20359],"ARRAYEXPRESS,ENSG",query_1
ENSG00000100629,ENSP00000451137,15,4,CEP128,centrosomal protein 128 [Source:HGNC Symbol;Acc:HGNC:20359],"ARRAYEXPRESS,ENSG",query_1
ENSG00000100629,ENSP00000451162,15,5,CEP128,centrosomal protein 128 [Source:HGNC Symbol;Acc:HGNC:20359],"ARRAYEXPRESS,ENSG",query_1
ENSG00000100629,ENSP00000451214,15,6,CEP128,centrosomal protein 128 [Source:HGNC Symbol;Acc:HGNC:20359],"ARRAYEXPRESS,ENSG",query_1
ENSG00000100629,ENSP00000451273,15,7,CEP128,centrosomal protein 128 [Source:HGNC Symbol;Acc:HGNC:20359],"ARRAYEXPRESS,ENSG",query_1
ENSG00000100629,ENSP00000451319,15,8,CEP128,centrosomal protein 128 [Source:HGNC Symbol;Acc:HGNC:20359],"ARRAYEXPRESS,ENSG",query_1
ENSG00000100629,ENSP00000451428,15,9,CEP128,centrosomal protein 128 [Source:HGNC Symbol;Acc:HGNC:20359],"ARRAYEXPRESS,ENSG",query_1
ENSG00000100629,ENSP00000451501,15,10,CEP128,centrosomal protein 128 [Source:HGNC Symbol;Acc:HGNC:20359],"ARRAYEXPRESS,ENSG",query_1
ENSG00000100629,ENSP00000451849,15,11,CEP128,centrosomal protein 128 [Source:HGNC Symbol;Acc:HGNC:20359],"ARRAYEXPRESS,ENSG",query_1
ENSG00000101004,ENSP00000278886,16,1,NINL,ninein like [Source:HGNC Symbol;Acc:HGNC:29163],"ARRAYEXPRESS,ENSG",query_1
ENSG00000101004,ENSP00000338621,16,2,NINL,ninein like [Source:HGNC Symbol;Acc:HGNC:29163],"ARRAYEXPRESS,ENSG",query_1
ENSG00000101004,ENSP00000516514,16,3,NINL,ninein like [Source:HGNC Symbol;Acc:HGNC:29163],"ARRAYEXPRESS,ENSG",query_1
ENSG00000101004,ENSP00000516515,16,4,NINL,ninein like [Source:HGNC Symbol;Acc:HGNC:29163],"ARRAYEXPRESS,ENSG",query_1
ENSG00000101307,ENSP00000262929,17,1,SIRPB1,signal regulatory protein beta 1 [Source:HGNC Symbol;Acc:HGNC:15928],"ARRAYEXPRESS,ENSG",query_1
ENSG00000101307,ENSP00000279477,17,2,SIRPB1,signal regulatory protein beta 1 [Source:HGNC Symbol;Acc:HGNC:15928],"ARRAYEXPRESS,ENSG",query_1
ENSG00000101307,ENSP00000371016,17,3,SIRPB1,signal regulatory protein beta 1 [Source:HGNC Symbol;Acc:HGNC:15928],"ARRAYEXPRESS,ENSG",query_1
ENSG00000101307,ENSP00000371018,17,4,SIRPB1,signal regulatory protein beta 1 [Source:HGNC Symbol;Acc:HGNC:15928],"ARRAYEXPRESS,ENSG",query_1
ENSG00000101307,ENSP00000455568,17,5,SIRPB1,signal regulatory protein beta 1 [Source:HGNC Symbol;Acc:HGNC:15928],"ARRAYEXPRESS,ENSG",query_1
ENSG00000101307,ENSP00000456351,17,6,SIRPB1,signal regulatory protein beta 1 [Source:HGNC Symbol;Acc:HGNC:15928],"ARRAYEXPRESS,ENSG",query_1
ENSG00000101307,ENSP00000456519,17,7,SIRPB1,signal regulatory protein beta 1 [Source:HGNC Symbol;Acc:HGNC:15928],"ARRAYEXPRESS,ENSG",query_1
ENSG00000101307,ENSP00000456747,17,8,SIRPB1,signal regulatory protein beta 1 [Source:HGNC Symbol;Acc:HGNC:15928],"ARRAYEXPRESS,ENSG",query_1
ENSG00000101307,ENSP00000456826,17,9,SIRPB1,signal regulatory protein beta 1 [Source:HGNC Symbol;Acc:HGNC:15928],"ARRAYEXPRESS,ENSG",query_1
ENSG00000101307,ENSP00000457323,17,10,SIRPB1,signal regulatory protein beta 1 [Source:HGNC Symbol;Acc:HGNC:15928],"ARRAYEXPRESS,ENSG",query_1
ENSG00000101307,ENSP00000457458,17,11,SIRPB1,signal regulatory protein beta 1 [Source:HGNC Symbol;Acc:HGNC:15928],"ARRAYEXPRESS,ENSG",query_1
ENSG00000101307,ENSP00000457829,17,12,SIRPB1,signal regulatory protein beta 1 [Source:HGNC Symbol;Acc:HGNC:15928],"ARRAYEXPRESS,ENSG",query_1
ENSG00000101307,ENSP00000457855,17,13,SIRPB1,signal regulatory protein beta 1 [Source:HGNC Symbol;Acc:HGNC:15928],"ARRAYEXPRESS,ENSG",query_1
ENSG00000102763,ENSP00000281496,18,1,VWA8,von Willebrand factor A domain containing 8 [Source:HGNC Symbol;Acc:HGNC:29071],"ARRAYEXPRESS,ENSG",query_1
ENSG00000102763,ENSP00000368612,18,2,VWA8,von Willebrand factor A domain containing 8 [Source:HGNC Symbol;Acc:HGNC:29071],"ARRAYEXPRESS,ENSG",query_1
ENSG00000103326,ENSP00000219611,19,1,CAPN15,calpain 15 [Source:HGNC Symbol;Acc:HGNC:11182],"ARRAYEXPRESS,ENSG",query_1
ENSG00000103326,ENSP00000456017,19,2,CAPN15,calpain 15 [Source:HGNC Symbol;Acc:HGNC:11182],"ARRAYEXPRESS,ENSG",query_1
ENSG00000103326,ENSP00000457030,19,3,CAPN15,calpain 15 [Source:HGNC Symbol;Acc:HGNC:11182],"ARRAYEXPRESS,ENSG",query_1
ENSG00000103326,ENSP00000457306,19,4,CAPN15,calpain 15 [Source:HGNC Symbol;Acc:HGNC:11182],"ARRAYEXPRESS,ENSG",query_1
ENSG00000103326,ENSP00000490480,19,5,CAPN15,calpain 15 [Source:HGNC Symbol;Acc:HGNC:11182],"ARRAYEXPRESS,ENSG",query_1
ENSG00000105855,ENSP00000222573,20,1,ITGB8,integrin subunit beta 8 [Source:HGNC Symbol;Acc:HGNC:6163],"ARRAYEXPRESS,ENSG",query_1
ENSG00000105855,ENSP00000441561,20,2,ITGB8,integrin subunit beta 8 [Source:HGNC Symbol;Acc:HGNC:6163],"ARRAYEXPRESS,ENSG",query_1
ENSG00000106351,ENSP00000300176,21,1,AGFG2,ArfGAP with FG repeats 2 [Source:HGNC Symbol;Acc:HGNC:5177],"ARRAYEXPRESS,ENSG",query_1
ENSG00000106351,ENSP00000388594,21,2,AGFG2,ArfGAP with FG repeats 2 [Source:HGNC Symbol;Acc:HGNC:5177],"ARRAYEXPRESS,ENSG",query_1
ENSG00000106351,ENSP00000394453,21,3,AGFG2,ArfGAP with FG repeats 2 [Source:HGNC Symbol;Acc:HGNC:5177],"ARRAYEXPRESS,ENSG",query_1
ENSG00000108175,ENSP00000334474,22,1,ZMIZ1,zinc finger MIZ-type containing 1 [Source:HGNC Symbol;Acc:HGNC:16493],"ARRAYEXPRESS,ENSG",query_1
ENSG00000108878,ENSP00000226021,23,1,CACNG1,calcium voltage-gated channel auxiliary subunit gamma 1 [Source:HGNC Symbol;Acc:HGNC:1405],"ARRAYEXPRESS,ENSG",query_1
ENSG00000109654,ENSP00000339659,24,1,TRIM2,tripartite motif containing 2 [Source:HGNC Symbol;Acc:HGNC:15974],"ARRAYEXPRESS,ENSG",query_1
ENSG00000109654,ENSP00000400375,24,2,TRIM2,tripartite motif containing 2 [Source:HGNC Symbol;Acc:HGNC:15974],"ARRAYEXPRESS,ENSG",query_1
ENSG00000109654,ENSP00000400879,24,3,TRIM2,tripartite motif containing 2 [Source:HGNC Symbol;Acc:HGNC:15974],"ARRAYEXPRESS,ENSG",query_1
ENSG00000109654,ENSP00000415812,24,4,TRIM2,tripartite motif containing 2 [Source:HGNC Symbol;Acc:HGNC:15974],"ARRAYEXPRESS,ENSG",query_1
ENSG00000109654,ENSP00000487750,24,5,TRIM2,tripartite motif containing 2 [Source:HGNC Symbol;Acc:HGNC:15974],"ARRAYEXPRESS,ENSG",query_1
ENSG00000109654,ENSP00000487836,24,6,TRIM2,tripartite motif containing 2 [Source:HGNC Symbol;Acc:HGNC:15974],"ARRAYEXPRESS,ENSG",query_1
ENSG00000109654,ENSP00000488229,24,7,TRIM2,tripartite motif containing 2 [Source:HGNC Symbol;Acc:HGNC:15974],"ARRAYEXPRESS,ENSG",query_1
ENSG00000109654,ENSP00000488602,24,8,TRIM2,tripartite motif containing 2 [Source:HGNC Symbol;Acc:HGNC:15974],"ARRAYEXPRESS,ENSG",query_1
ENSG00000109654,ENSP00000488751,24,9,TRIM2,tripartite motif containing 2 [Source:HGNC Symbol;Acc:HGNC:15974],"ARRAYEXPRESS,ENSG",query_1
ENSG00000109654,ENSP00000501562,24,10,TRIM2,tripartite motif containing 2 [Source:HGNC Symbol;Acc:HGNC:15974],"ARRAYEXPRESS,ENSG",query_1
ENSG00000109654,ENSP00000501564,24,11,TRIM2,tripartite motif containing 2 [Source:HGNC Symbol;Acc:HGNC:15974],"ARRAYEXPRESS,ENSG",query_1
ENSG00000109654,ENSP00000501586,24,12,TRIM2,tripartite motif containing 2 [Source:HGNC Symbol;Acc:HGNC:15974],"ARRAYEXPRESS,ENSG",query_1
ENSG00000109654,ENSP00000501612,24,13,TRIM2,tripartite motif containing 2 [Source:HGNC Symbol;Acc:HGNC:15974],"ARRAYEXPRESS,ENSG",query_1
ENSG00000109654,ENSP00000501629,24,14,TRIM2,tripartite motif containing 2 [Source:HGNC Symbol;Acc:HGNC:15974],"ARRAYEXPRESS,ENSG",query_1
ENSG00000109654,ENSP00000501652,24,15,TRIM2,tripartite motif containing 2 [Source:HGNC Symbol;Acc:HGNC:15974],"ARRAYEXPRESS,ENSG",query_1
ENSG00000109654,ENSP00000501662,24,16,TRIM2,tripartite motif containing 2 [Source:HGNC Symbol;Acc:HGNC:15974],"ARRAYEXPRESS,ENSG",query_1
ENSG00000109654,ENSP00000501671,24,17,TRIM2,tripartite motif containing 2 [Source:HGNC Symbol;Acc:HGNC:15974],"ARRAYEXPRESS,ENSG",query_1
ENSG00000109654,ENSP00000501672,24,18,TRIM2,tripartite motif containing 2 [Source:HGNC Symbol;Acc:HGNC:15974],"ARRAYEXPRESS,ENSG",query_1
ENSG00000109654,ENSP00000501684,24,19,TRIM2,tripartite motif containing 2 [Source:HGNC Symbol;Acc:HGNC:15974],"ARRAYEXPRESS,ENSG",query_1
ENSG00000109654,ENSP00000501690,24,20,TRIM2,tripartite motif containing 2 [Source:HGNC Symbol;Acc:HGNC:15974],"ARRAYEXPRESS,ENSG",query_1
ENSG00000109654,ENSP00000501704,24,21,TRIM2,tripartite motif containing 2 [Source:HGNC Symbol;Acc:HGNC:15974],"ARRAYEXPRESS,ENSG",query_1
ENSG00000109654,ENSP00000501725,24,22,TRIM2,tripartite motif containing 2 [Source:HGNC Symbol;Acc:HGNC:15974],"ARRAYEXPRESS,ENSG",query_1
ENSG00000109654,ENSP00000501760,24,23,TRIM2,tripartite motif containing 2 [Source:HGNC Symbol;Acc:HGNC:15974],"ARRAYEXPRESS,ENSG",query_1
ENSG00000109654,ENSP00000501762,24,24,TRIM2,tripartite motif containing 2 [Source:HGNC Symbol;Acc:HGNC:15974],"ARRAYEXPRESS,ENSG",query_1
ENSG00000109654,ENSP00000501792,24,25,TRIM2,tripartite motif containing 2 [Source:HGNC Symbol;Acc:HGNC:15974],"ARRAYEXPRESS,ENSG",query_1
ENSG00000109654,ENSP00000501822,24,26,TRIM2,tripartite motif containing 2 [Source:HGNC Symbol;Acc:HGNC:15974],"ARRAYEXPRESS,ENSG",query_1
ENSG00000109654,ENSP00000501826,24,27,TRIM2,tripartite motif containing 2 [Source:HGNC Symbol;Acc:HGNC:15974],"ARRAYEXPRESS,ENSG",query_1
ENSG00000109654,ENSP00000501844,24,28,TRIM2,tripartite motif containing 2 [Source:HGNC Symbol;Acc:HGNC:15974],"ARRAYEXPRESS,ENSG",query_1
ENSG00000109654,ENSP00000501883,24,29,TRIM2,tripartite motif containing 2 [Source:HGNC Symbol;Acc:HGNC:15974],"ARRAYEXPRESS,ENSG",query_1
ENSG00000109654,ENSP00000501886,24,30,TRIM2,tripartite motif containing 2 [Source:HGNC Symbol;Acc:HGNC:15974],"ARRAYEXPRESS,ENSG",query_1
ENSG00000109654,ENSP00000501915,24,31,TRIM2,tripartite motif containing 2 [Source:HGNC Symbol;Acc:HGNC:15974],"ARRAYEXPRESS,ENSG",query_1
ENSG00000109654,ENSP00000501951,24,32,TRIM2,tripartite motif containing 2 [Source:HGNC Symbol;Acc:HGNC:15974],"ARRAYEXPRESS,ENSG",query_1
ENSG00000109654,ENSP00000501979,24,33,TRIM2,tripartite motif containing 2 [Source:HGNC Symbol;Acc:HGNC:15974],"ARRAYEXPRESS,ENSG",query_1
ENSG00000109654,ENSP00000501983,24,34,TRIM2,tripartite motif containing 2 [Source:HGNC Symbol;Acc:HGNC:15974],"ARRAYEXPRESS,ENSG",query_1
ENSG00000109654,ENSP00000501994,24,35,TRIM2,tripartite motif containing 2 [Source:HGNC Symbol;Acc:HGNC:15974],"ARRAYEXPRESS,ENSG",query_1
ENSG00000109654,ENSP00000501997,24,36,TRIM2,tripartite motif containing 2 [Source:HGNC Symbol;Acc:HGNC:15974],"ARRAYEXPRESS,ENSG",query_1
ENSG00000109654,ENSP00000502077,24,37,TRIM2,tripartite motif containing 2 [Source:HGNC Symbol;Acc:HGNC:15974],"ARRAYEXPRESS,ENSG",query_1
ENSG00000109654,ENSP00000502083,24,38,TRIM2,tripartite motif containing 2 [Source:HGNC Symbol;Acc:HGNC:15974],"ARRAYEXPRESS,ENSG",query_1
ENSG00000109654,ENSP00000502089,24,39,TRIM2,tripartite motif containing 2 [Source:HGNC Symbol;Acc:HGNC:15974],"ARRAYEXPRESS,ENSG",query_1
ENSG00000109654,ENSP00000502114,24,40,TRIM2,tripartite motif containing 2 [Source:HGNC Symbol;Acc:HGNC:15974],"ARRAYEXPRESS,ENSG",query_1
ENSG00000109654,ENSP00000502130,24,41,TRIM2,tripartite motif containing 2 [Source:HGNC Symbol;Acc:HGNC:15974],"ARRAYEXPRESS,ENSG",query_1
ENSG00000109654,ENSP00000502140,24,42,TRIM2,tripartite motif containing 2 [Source:HGNC Symbol;Acc:HGNC:15974],"ARRAYEXPRESS,ENSG",query_1
ENSG00000109654,ENSP00000502141,24,43,TRIM2,tripartite motif containing 2 [Source:HGNC Symbol;Acc:HGNC:15974],"ARRAYEXPRESS,ENSG",query_1
ENSG00000109654,ENSP00000502159,24,44,TRIM2,tripartite motif containing 2 [Source:HGNC Symbol;Acc:HGNC:15974],"ARRAYEXPRESS,ENSG",query_1
ENSG00000109654,ENSP00000502203,24,45,TRIM2,tripartite motif containing 2 [Source:HGNC Symbol;Acc:HGNC:15974],"ARRAYEXPRESS,ENSG",query_1
ENSG00000109654,ENSP00000502236,24,46,TRIM2,tripartite motif containing 2 [Source:HGNC Symbol;Acc:HGNC:15974],"ARRAYEXPRESS,ENSG",query_1
ENSG00000109654,ENSP00000502243,24,47,TRIM2,tripartite motif containing 2 [Source:HGNC Symbol;Acc:HGNC:15974],"ARRAYEXPRESS,ENSG",query_1
ENSG00000109654,ENSP00000502266,24,48,TRIM2,tripartite motif containing 2 [Source:HGNC Symbol;Acc:HGNC:15974],"ARRAYEXPRESS,ENSG",query_1
ENSG00000109654,ENSP00000502273,24,49,TRIM2,tripartite motif containing 2 [Source:HGNC Symbol;Acc:HGNC:15974],"ARRAYEXPRESS,ENSG",query_1
ENSG00000109654,ENSP00000502289,24,50,TRIM2,tripartite motif containing 2 [Source:HGNC Symbol;Acc:HGNC:15974],"ARRAYEXPRESS,ENSG",query_1
ENSG00000109654,ENSP00000502290,24,51,TRIM2,tripartite motif containing 2 [Source:HGNC Symbol;Acc:HGNC:15974],"ARRAYEXPRESS,ENSG",query_1
ENSG00000109654,ENSP00000502292,24,52,TRIM2,tripartite motif containing 2 [Source:HGNC Symbol;Acc:HGNC:15974],"ARRAYEXPRESS,ENSG",query_1
ENSG00000109654,ENSP00000502320,24,53,TRIM2,tripartite motif containing 2 [Source:HGNC Symbol;Acc:HGNC:15974],"ARRAYEXPRESS,ENSG",query_1
ENSG00000109654,ENSP00000502331,24,54,TRIM2,tripartite motif containing 2 [Source:HGNC Symbol;Acc:HGNC:15974],"ARRAYEXPRESS,ENSG",query_1
ENSG00000109654,ENSP00000502332,24,55,TRIM2,tripartite motif containing 2 [Source:HGNC Symbol;Acc:HGNC:15974],"ARRAYEXPRESS,ENSG",query_1
ENSG00000109654,ENSP00000502344,24,56,TRIM2,tripartite motif containing 2 [Source:HGNC Symbol;Acc:HGNC:15974],"ARRAYEXPRESS,ENSG",query_1
ENSG00000109654,ENSP00000502348,24,57,TRIM2,tripartite motif containing 2 [Source:HGNC Symbol;Acc:HGNC:15974],"ARRAYEXPRESS,ENSG",query_1
ENSG00000109654,ENSP00000502356,24,58,TRIM2,tripartite motif containing 2 [Source:HGNC Symbol;Acc:HGNC:15974],"ARRAYEXPRESS,ENSG",query_1
ENSG00000109654,ENSP00000502366,24,59,TRIM2,tripartite motif containing 2 [Source:HGNC Symbol;Acc:HGNC:15974],"ARRAYEXPRESS,ENSG",query_1
ENSG00000109654,ENSP00000502381,24,60,TRIM2,tripartite motif containing 2 [Source:HGNC Symbol;Acc:HGNC:15974],"ARRAYEXPRESS,ENSG",query_1
ENSG00000109654,ENSP00000502458,24,61,TRIM2,tripartite motif containing 2 [Source:HGNC Symbol;Acc:HGNC:15974],"ARRAYEXPRESS,ENSG",query_1
ENSG00000109654,ENSP00000502472,24,62,TRIM2,tripartite motif containing 2 [Source:HGNC Symbol;Acc:HGNC:15974],"ARRAYEXPRESS,ENSG",query_1
ENSG00000109654,ENSP00000502492,24,63,TRIM2,tripartite motif containing 2 [Source:HGNC Symbol;Acc:HGNC:15974],"ARRAYEXPRESS,ENSG",query_1
ENSG00000109654,ENSP00000502501,24,64,TRIM2,tripartite motif containing 2 [Source:HGNC Symbol;Acc:HGNC:15974],"ARRAYEXPRESS,ENSG",query_1
ENSG00000109654,ENSP00000502519,24,65,TRIM2,tripartite motif containing 2 [Source:HGNC Symbol;Acc:HGNC:15974],"ARRAYEXPRESS,ENSG",query_1
ENSG00000109654,ENSP00000502541,24,66,TRIM2,tripartite motif containing 2 [Source:HGNC Symbol;Acc:HGNC:15974],"ARRAYEXPRESS,ENSG",query_1
ENSG00000109654,ENSP00000502543,24,67,TRIM2,tripartite motif containing 2 [Source:HGNC Symbol;Acc:HGNC:15974],"ARRAYEXPRESS,ENSG",query_1
ENSG00000109654,ENSP00000502568,24,68,TRIM2,tripartite motif containing 2 [Source:HGNC Symbol;Acc:HGNC:15974],"ARRAYEXPRESS,ENSG",query_1
ENSG00000109654,ENSP00000502658,24,69,TRIM2,tripartite motif containing 2 [Source:HGNC Symbol;Acc:HGNC:15974],"ARRAYEXPRESS,ENSG",query_1
ENSG00000109654,ENSP00000502659,24,70,TRIM2,tripartite motif containing 2 [Source:HGNC Symbol;Acc:HGNC:15974],"ARRAYEXPRESS,ENSG",query_1
ENSG00000109654,ENSP00000502676,24,71,TRIM2,tripartite motif containing 2 [Source:HGNC Symbol;Acc:HGNC:15974],"ARRAYEXPRESS,ENSG",query_1
ENSG00000109654,ENSP00000502720,24,72,TRIM2,tripartite motif containing 2 [Source:HGNC Symbol;Acc:HGNC:15974],"ARRAYEXPRESS,ENSG",query_1
ENSG00000109654,ENSP00000502745,24,73,TRIM2,tripartite motif containing 2 [Source:HGNC Symbol;Acc:HGNC:15974],"ARRAYEXPRESS,ENSG",query_1
ENSG00000109654,ENSP00000502775,24,74,TRIM2,tripartite motif containing 2 [Source:HGNC Symbol;Acc:HGNC:15974],"ARRAYEXPRESS,ENSG",query_1
ENSG00000109654,ENSP00000502776,24,75,TRIM2,tripartite motif containing 2 [Source:HGNC Symbol;Acc:HGNC:15974],"ARRAYEXPRESS,ENSG",query_1
ENSG00000109654,ENSP00000502782,24,76,TRIM2,tripartite motif containing 2 [Source:HGNC Symbol;Acc:HGNC:15974],"ARRAYEXPRESS,ENSG",query_1
ENSG00000109654,ENSP00000502788,24,77,TRIM2,tripartite motif containing 2 [Source:HGNC Symbol;Acc:HGNC:15974],"ARRAYEXPRESS,ENSG",query_1
ENSG00000110104,ENSP00000227520,25,1,CCDC86,coiled-coil domain containing 86 [Source:HGNC Symbol;Acc:HGNC:28359],"ARRAYEXPRESS,ENSG",query_1
ENSG00000110104,ENSP00000440906,25,2,CCDC86,coiled-coil domain containing 86 [Source:HGNC Symbol;Acc:HGNC:28359],"ARRAYEXPRESS,ENSG",query_1
ENSG00000110104,ENSP00000442111,25,3,CCDC86,coiled-coil domain containing 86 [Source:HGNC Symbol;Acc:HGNC:28359],"ARRAYEXPRESS,ENSG",query_1
ENSG00000112297,ENSP00000391419,26,1,CRYBG1,crystallin beta-gamma domain containing 1 [Source:HGNC Symbol;Acc:HGNC:356],"ARRAYEXPRESS,ENSG",query_1
ENSG00000112297,ENSP00000488010,26,2,CRYBG1,crystallin beta-gamma domain containing 1 [Source:HGNC Symbol;Acc:HGNC:356],"ARRAYEXPRESS,ENSG",query_1
ENSG00000112297,ENSP00000499126,26,3,CRYBG1,crystallin beta-gamma domain containing 1 [Source:HGNC Symbol;Acc:HGNC:356],"ARRAYEXPRESS,ENSG",query_1
ENSG00000115459,ENSP00000318264,27,1,ELMOD3,ELMO domain containing 3 [Source:HGNC Symbol;Acc:HGNC:26158],"ARRAYEXPRESS,ENSG",query_1
ENSG00000115459,ENSP00000377434,27,2,ELMOD3,ELMO domain containing 3 [Source:HGNC Symbol;Acc:HGNC:26158],"ARRAYEXPRESS,ENSG",query_1
ENSG00000115459,ENSP00000386248,27,3,ELMOD3,ELMO domain containing 3 [Source:HGNC Symbol;Acc:HGNC:26158],"ARRAYEXPRESS,ENSG",query_1
ENSG00000115459,ENSP00000386257,27,4,ELMOD3,ELMO domain containing 3 [Source:HGNC Symbol;Acc:HGNC:26158],"ARRAYEXPRESS,ENSG",query_1
ENSG00000115459,ENSP00000386304,27,5,ELMOD3,ELMO domain containing 3 [Source:HGNC Symbol;Acc:HGNC:26158],"ARRAYEXPRESS,ENSG",query_1
ENSG00000115459,ENSP00000387134,27,6,ELMOD3,ELMO domain containing 3 [Source:HGNC Symbol;Acc:HGNC:26158],"ARRAYEXPRESS,ENSG",query_1
ENSG00000115459,ENSP00000387139,27,7,ELMOD3,ELMO domain containing 3 [Source:HGNC Symbol;Acc:HGNC:26158],"ARRAYEXPRESS,ENSG",query_1
ENSG00000115459,ENSP00000393443,27,8,ELMOD3,ELMO domain containing 3 [Source:HGNC Symbol;Acc:HGNC:26158],"ARRAYEXPRESS,ENSG",query_1
ENSG00000115459,ENSP00000394774,27,9,ELMOD3,ELMO domain containing 3 [Source:HGNC Symbol;Acc:HGNC:26158],"ARRAYEXPRESS,ENSG",query_1
ENSG00000115459,ENSP00000398264,27,10,ELMOD3,ELMO domain containing 3 [Source:HGNC Symbol;Acc:HGNC:26158],"ARRAYEXPRESS,ENSG",query_1
ENSG00000115459,ENSP00000401984,27,11,ELMOD3,ELMO domain containing 3 [Source:HGNC Symbol;Acc:HGNC:26158],"ARRAYEXPRESS,ENSG",query_1
ENSG00000115459,ENSP00000407599,27,12,ELMOD3,ELMO domain containing 3 [Source:HGNC Symbol;Acc:HGNC:26158],"ARRAYEXPRESS,ENSG",query_1
ENSG00000115459,ENSP00000408329,27,13,ELMOD3,ELMO domain containing 3 [Source:HGNC Symbol;Acc:HGNC:26158],"ARRAYEXPRESS,ENSG",query_1
ENSG00000115459,ENSP00000408745,27,14,ELMOD3,ELMO domain containing 3 [Source:HGNC Symbol;Acc:HGNC:26158],"ARRAYEXPRESS,ENSG",query_1
ENSG00000115459,ENSP00000436715,27,15,ELMOD3,ELMO domain containing 3 [Source:HGNC Symbol;Acc:HGNC:26158],"ARRAYEXPRESS,ENSG",query_1
ENSG00000115464,ENSP00000381577,28,1,USP34,ubiquitin specific peptidase 34 [Source:HGNC Symbol;Acc:HGNC:20066],"ARRAYEXPRESS,ENSG",query_1
ENSG00000115464,ENSP00000388129,28,2,USP34,ubiquitin specific peptidase 34 [Source:HGNC Symbol;Acc:HGNC:20066],"ARRAYEXPRESS,ENSG",query_1
ENSG00000115464,ENSP00000398489,28,3,USP34,ubiquitin specific peptidase 34 [Source:HGNC Symbol;Acc:HGNC:20066],"ARRAYEXPRESS,ENSG",query_1
ENSG00000115464,ENSP00000398960,28,4,USP34,ubiquitin specific peptidase 34 [Source:HGNC Symbol;Acc:HGNC:20066],"ARRAYEXPRESS,ENSG",query_1
ENSG00000115464,ENSP00000410559,28,5,USP34,ubiquitin specific peptidase 34 [Source:HGNC Symbol;Acc:HGNC:20066],"ARRAYEXPRESS,ENSG",query_1
ENSG00000116350,ENSP00000362900,29,1,SRSF4,serine and arginine rich splicing factor 4 [Source:HGNC Symbol;Acc:HGNC:10786],"ARRAYEXPRESS,ENSG",query_1
ENSG00000116350,ENSP00000473728,29,2,SRSF4,serine and arginine rich splicing factor 4 [Source:HGNC Symbol;Acc:HGNC:10786],"ARRAYEXPRESS,ENSG",query_1
ENSG00000116350,ENSP00000485813,29,3,SRSF4,serine and arginine rich splicing factor 4 [Source:HGNC Symbol;Acc:HGNC:10786],"ARRAYEXPRESS,ENSG",query_1
ENSG00000116350,ENSP00000510182,29,4,SRSF4,serine and arginine rich splicing factor 4 [Source:HGNC Symbol;Acc:HGNC:10786],"ARRAYEXPRESS,ENSG",query_1
ENSG00000116353,ENSP00000263702,30,1,MECR,mitochondrial trans-2-enoyl-CoA reductase [Source:HGNC Symbol;Acc:HGNC:19691],"ARRAYEXPRESS,ENSG",query_1
ENSG00000116353,ENSP00000362896,30,2,MECR,mitochondrial trans-2-enoyl-CoA reductase [Source:HGNC Symbol;Acc:HGNC:19691],"ARRAYEXPRESS,ENSG",query_1
ENSG00000116353,ENSP00000436831,30,3,MECR,mitochondrial trans-2-enoyl-CoA reductase [Source:HGNC Symbol;Acc:HGNC:19691],"ARRAYEXPRESS,ENSG",query_1
ENSG00000117385,ENSP00000236040,31,1,P3H1,prolyl 3-hydroxylase 1 [Source:HGNC Symbol;Acc:HGNC:19316],"ARRAYEXPRESS,ENSG",query_1
ENSG00000117385,ENSP00000296388,31,2,P3H1,prolyl 3-hydroxylase 1 [Source:HGNC Symbol;Acc:HGNC:19316],"ARRAYEXPRESS,ENSG",query_1
ENSG00000117385,ENSP00000361604,31,3,P3H1,prolyl 3-hydroxylase 1 [Source:HGNC Symbol;Acc:HGNC:19316],"ARRAYEXPRESS,ENSG",query_1
ENSG00000117385,ENSP00000380245,31,4,P3H1,prolyl 3-hydroxylase 1 [Source:HGNC Symbol;Acc:HGNC:19316],"ARRAYEXPRESS,ENSG",query_1
ENSG00000117385,ENSP00000408056,31,5,P3H1,prolyl 3-hydroxylase 1 [Source:HGNC Symbol;Acc:HGNC:19316],"ARRAYEXPRESS,ENSG",query_1
ENSG00000119681,ENSP00000261978,32,1,LTBP2,latent transforming growth factor beta binding protein 2 [Source:HGNC Symbol;Acc:HGNC:6715],"ARRAYEXPRESS,ENSG",query_1
ENSG00000119681,ENSP00000450668,32,2,LTBP2,latent transforming growth factor beta binding protein 2 [Source:HGNC Symbol;Acc:HGNC:6715],"ARRAYEXPRESS,ENSG",query_1
ENSG00000119681,ENSP00000451477,32,3,LTBP2,latent transforming growth factor beta binding protein 2 [Source:HGNC Symbol;Acc:HGNC:6715],"ARRAYEXPRESS,ENSG",query_1
ENSG00000119681,ENSP00000452110,32,4,LTBP2,latent transforming growth factor beta binding protein 2 [Source:HGNC Symbol;Acc:HGNC:6715],"ARRAYEXPRESS,ENSG",query_1
ENSG00000120616,ENSP00000263062,33,1,EPC1,enhancer of polycomb homolog 1 [Source:HGNC Symbol;Acc:HGNC:19876],"ARRAYEXPRESS,ENSG",query_1
ENSG00000120616,ENSP00000318559,33,2,EPC1,enhancer of polycomb homolog 1 [Source:HGNC Symbol;Acc:HGNC:19876],"ARRAYEXPRESS,ENSG",query_1
ENSG00000120616,ENSP00000364251,33,3,EPC1,enhancer of polycomb homolog 1 [Source:HGNC Symbol;Acc:HGNC:19876],"ARRAYEXPRESS,ENSG",query_1
ENSG00000120616,ENSP00000499314,33,4,EPC1,enhancer of polycomb homolog 1 [Source:HGNC Symbol;Acc:HGNC:19876],"ARRAYEXPRESS,ENSG",query_1
ENSG00000120616,ENSP00000499327,33,5,EPC1,enhancer of polycomb homolog 1 [Source:HGNC Symbol;Acc:HGNC:19876],"ARRAYEXPRESS,ENSG",query_1
ENSG00000120616,ENSP00000499504,33,6,EPC1,enhancer of polycomb homolog 1 [Source:HGNC Symbol;Acc:HGNC:19876],"ARRAYEXPRESS,ENSG",query_1
ENSG00000122140,ENSP00000241600,34,1,MRPS2,mitochondrial ribosomal protein S2 [Source:HGNC Symbol;Acc:HGNC:14495],"ARRAYEXPRESS,ENSG",query_1
ENSG00000122140,ENSP00000360850,34,2,MRPS2,mitochondrial ribosomal protein S2 [Source:HGNC Symbol;Acc:HGNC:14495],"ARRAYEXPRESS,ENSG",query_1
ENSG00000122140,ENSP00000511903,34,3,MRPS2,mitochondrial ribosomal protein S2 [Source:HGNC Symbol;Acc:HGNC:14495],"ARRAYEXPRESS,ENSG",query_1
ENSG00000122140,ENSP00000511904,34,4,MRPS2,mitochondrial ribosomal protein S2 [Source:HGNC Symbol;Acc:HGNC:14495],"ARRAYEXPRESS,ENSG",query_1
ENSG00000122140,ENSP00000511905,34,5,MRPS2,mitochondrial ribosomal protein S2 [Source:HGNC Symbol;Acc:HGNC:14495],"ARRAYEXPRESS,ENSG",query_1
ENSG00000122140,ENSP00000511906,34,6,MRPS2,mitochondrial ribosomal protein S2 [Source:HGNC Symbol;Acc:HGNC:14495],"ARRAYEXPRESS,ENSG",query_1
ENSG00000124003,ENSP00000406674,35,1,MOGAT1,monoacylglycerol O-acyltransferase 1 [Source:HGNC Symbol;Acc:HGNC:18210],"ARRAYEXPRESS,ENSG",query_1
ENSG00000124092,ENSP00000243914,36,1,CTCFL,CCCTC-binding factor like [Source:HGNC Symbol;Acc:HGNC:16234],"ARRAYEXPRESS,ENSG",query_1
ENSG00000124092,ENSP00000360239,36,2,CTCFL,CCCTC-binding factor like [Source:HGNC Symbol;Acc:HGNC:16234],"ARRAYEXPRESS,ENSG",query_1
ENSG00000124092,ENSP00000392034,36,3,CTCFL,CCCTC-binding factor like [Source:HGNC Symbol;Acc:HGNC:16234],"ARRAYEXPRESS,ENSG",query_1
ENSG00000124092,ENSP00000399061,36,4,CTCFL,CCCTC-binding factor like [Source:HGNC Symbol;Acc:HGNC:16234],"ARRAYEXPRESS,ENSG",query_1
ENSG00000124092,ENSP00000403369,36,5,CTCFL,CCCTC-binding factor like [Source:HGNC Symbol;Acc:HGNC:16234],"ARRAYEXPRESS,ENSG",query_1
ENSG00000124092,ENSP00000409344,36,6,CTCFL,CCCTC-binding factor like [Source:HGNC Symbol;Acc:HGNC:16234],"ARRAYEXPRESS,ENSG",query_1
ENSG00000124092,ENSP00000413713,36,7,CTCFL,CCCTC-binding factor like [Source:HGNC Symbol;Acc:HGNC:16234],"ARRAYEXPRESS,ENSG",query_1
ENSG00000124092,ENSP00000415329,36,8,CTCFL,CCCTC-binding factor like [Source:HGNC Symbol;Acc:HGNC:16234],"ARRAYEXPRESS,ENSG",query_1
ENSG00000124092,ENSP00000415579,36,9,CTCFL,CCCTC-binding factor like [Source:HGNC Symbol;Acc:HGNC:16234],"ARRAYEXPRESS,ENSG",query_1
ENSG00000124092,ENSP00000437999,36,10,CTCFL,CCCTC-binding factor like [Source:HGNC Symbol;Acc:HGNC:16234],"ARRAYEXPRESS,ENSG",query_1
ENSG00000124092,ENSP00000439998,36,11,CTCFL,CCCTC-binding factor like [Source:HGNC Symbol;Acc:HGNC:16234],"ARRAYEXPRESS,ENSG",query_1
ENSG00000124092,ENSP00000476398,36,12,CTCFL,CCCTC-binding factor like [Source:HGNC Symbol;Acc:HGNC:16234],"ARRAYEXPRESS,ENSG",query_1
ENSG00000124092,ENSP00000476458,36,13,CTCFL,CCCTC-binding factor like [Source:HGNC Symbol;Acc:HGNC:16234],"ARRAYEXPRESS,ENSG",query_1
ENSG00000124092,ENSP00000476577,36,14,CTCFL,CCCTC-binding factor like [Source:HGNC Symbol;Acc:HGNC:16234],"ARRAYEXPRESS,ENSG",query_1
ENSG00000124092,ENSP00000476718,36,15,CTCFL,CCCTC-binding factor like [Source:HGNC Symbol;Acc:HGNC:16234],"ARRAYEXPRESS,ENSG",query_1
ENSG00000124092,ENSP00000476783,36,16,CTCFL,CCCTC-binding factor like [Source:HGNC Symbol;Acc:HGNC:16234],"ARRAYEXPRESS,ENSG",query_1
ENSG00000124092,ENSP00000477165,36,17,CTCFL,CCCTC-binding factor like [Source:HGNC Symbol;Acc:HGNC:16234],"ARRAYEXPRESS,ENSG",query_1
ENSG00000124092,ENSP00000477412,36,18,CTCFL,CCCTC-binding factor like [Source:HGNC Symbol;Acc:HGNC:16234],"ARRAYEXPRESS,ENSG",query_1
ENSG00000124092,ENSP00000477488,36,19,CTCFL,CCCTC-binding factor like [Source:HGNC Symbol;Acc:HGNC:16234],"ARRAYEXPRESS,ENSG",query_1
ENSG00000124370,ENSP00000244217,37,1,MCEE,methylmalonyl-CoA epimerase [Source:HGNC Symbol;Acc:HGNC:16732],"ARRAYEXPRESS,ENSG",query_1
ENSG00000124370,ENSP00000391140,37,2,MCEE,methylmalonyl-CoA epimerase [Source:HGNC Symbol;Acc:HGNC:16732],"ARRAYEXPRESS,ENSG",query_1
ENSG00000124370,ENSP00000437361,37,3,MCEE,methylmalonyl-CoA epimerase [Source:HGNC Symbol;Acc:HGNC:16732],"ARRAYEXPRESS,ENSG",query_1
ENSG00000124370,ENSP00000441569,37,4,MCEE,methylmalonyl-CoA epimerase [Source:HGNC Symbol;Acc:HGNC:16732],"ARRAYEXPRESS,ENSG",query_1
ENSG00000124496,ENSP00000339438,38,1,TRERF1,transcriptional regulating factor 1 [Source:HGNC Symbol;Acc:HGNC:18273],"ARRAYEXPRESS,ENSG",query_1
ENSG00000124496,ENSP00000346285,38,2,TRERF1,transcriptional regulating factor 1 [Source:HGNC Symbol;Acc:HGNC:18273],"ARRAYEXPRESS,ENSG",query_1
ENSG00000124496,ENSP00000362008,38,3,TRERF1,transcriptional regulating factor 1 [Source:HGNC Symbol;Acc:HGNC:18273],"ARRAYEXPRESS,ENSG",query_1
ENSG00000124496,ENSP00000362013,38,4,TRERF1,transcriptional regulating factor 1 [Source:HGNC Symbol;Acc:HGNC:18273],"ARRAYEXPRESS,ENSG",query_1
ENSG00000124496,ENSP00000439689,38,5,TRERF1,transcriptional regulating factor 1 [Source:HGNC Symbol;Acc:HGNC:18273],"ARRAYEXPRESS,ENSG",query_1
ENSG00000124496,ENSP00000512280,38,6,TRERF1,transcriptional regulating factor 1 [Source:HGNC Symbol;Acc:HGNC:18273],"ARRAYEXPRESS,ENSG",query_1
ENSG00000124496,ENSP00000512292,38,7,TRERF1,transcriptional regulating factor 1 [Source:HGNC Symbol;Acc:HGNC:18273],"ARRAYEXPRESS,ENSG",query_1
ENSG00000124496,ENSP00000512293,38,8,TRERF1,transcriptional regulating factor 1 [Source:HGNC Symbol;Acc:HGNC:18273],"ARRAYEXPRESS,ENSG",query_1
ENSG00000126243,ENSP00000246529,39,1,LRFN3,leucine rich repeat and fibronectin type III domain containing 3 [Source:HGNC Symbol;Acc:HGNC:28370],"ARRAYEXPRESS,ENSG",query_1
ENSG00000126243,ENSP00000466989,39,2,LRFN3,leucine rich repeat and fibronectin type III domain containing 3 [Source:HGNC Symbol;Acc:HGNC:28370],"ARRAYEXPRESS,ENSG",query_1
ENSG00000127947,ENSP00000248594,40,1,PTPN12,protein tyrosine phosphatase non-receptor type 12 [Source:HGNC Symbol;Acc:HGNC:9645],"ARRAYEXPRESS,ENSG",query_1
ENSG00000127947,ENSP00000385079,40,2,PTPN12,protein tyrosine phosphatase non-receptor type 12 [Source:HGNC Symbol;Acc:HGNC:9645],"ARRAYEXPRESS,ENSG",query_1
ENSG00000127947,ENSP00000392429,40,3,PTPN12,protein tyrosine phosphatase non-receptor type 12 [Source:HGNC Symbol;Acc:HGNC:9645],"ARRAYEXPRESS,ENSG",query_1
ENSG00000127947,ENSP00000392526,40,4,PTPN12,protein tyrosine phosphatase non-receptor type 12 [Source:HGNC Symbol;Acc:HGNC:9645],"ARRAYEXPRESS,ENSG",query_1
ENSG00000127947,ENSP00000397364,40,5,PTPN12,protein tyrosine phosphatase non-receptor type 12 [Source:HGNC Symbol;Acc:HGNC:9645],"ARRAYEXPRESS,ENSG",query_1
ENSG00000127947,ENSP00000397991,40,6,PTPN12,protein tyrosine phosphatase non-receptor type 12 [Source:HGNC Symbol;Acc:HGNC:9645],"ARRAYEXPRESS,ENSG",query_1
ENSG00000127947,ENSP00000404050,40,7,PTPN12,protein tyrosine phosphatase non-receptor type 12 [Source:HGNC Symbol;Acc:HGNC:9645],"ARRAYEXPRESS,ENSG",query_1
ENSG00000127947,ENSP00000413449,40,8,PTPN12,protein tyrosine phosphatase non-receptor type 12 [Source:HGNC Symbol;Acc:HGNC:9645],"ARRAYEXPRESS,ENSG",query_1
ENSG00000127947,ENSP00000428735,40,9,PTPN12,protein tyrosine phosphatase non-receptor type 12 [Source:HGNC Symbol;Acc:HGNC:9645],"ARRAYEXPRESS,ENSG",query_1
ENSG00000127947,ENSP00000430726,40,10,PTPN12,protein tyrosine phosphatase non-receptor type 12 [Source:HGNC Symbol;Acc:HGNC:9645],"ARRAYEXPRESS,ENSG",query_1
ENSG00000128159,ENSP00000248846,41,1,TUBGCP6,tubulin gamma complex associated protein 6 [Source:HGNC Symbol;Acc:HGNC:18127],"ARRAYEXPRESS,ENSG",query_1
ENSG00000128159,ENSP00000397387,41,2,TUBGCP6,tubulin gamma complex associated protein 6 [Source:HGNC Symbol;Acc:HGNC:18127],"ARRAYEXPRESS,ENSG",query_1
ENSG00000128159,ENSP00000405979,41,3,TUBGCP6,tubulin gamma complex associated protein 6 [Source:HGNC Symbol;Acc:HGNC:18127],"ARRAYEXPRESS,ENSG",query_1
ENSG00000128159,ENSP00000409650,41,4,TUBGCP6,tubulin gamma complex associated protein 6 [Source:HGNC Symbol;Acc:HGNC:18127],"ARRAYEXPRESS,ENSG",query_1
ENSG00000128815,ENSP00000320563,42,1,WDFY4,WDFY family member 4 [Source:HGNC Symbol;Acc:HGNC:29323],"ARRAYEXPRESS,ENSG",query_1
ENSG00000128815,ENSP00000354141,42,2,WDFY4,WDFY family member 4 [Source:HGNC Symbol;Acc:HGNC:29323],"ARRAYEXPRESS,ENSG",query_1
ENSG00000128815,ENSP00000491967,42,3,WDFY4,WDFY family member 4 [Source:HGNC Symbol;Acc:HGNC:29323],"ARRAYEXPRESS,ENSG",query_1
ENSG00000129534,ENSP00000309790,43,1,MIS18BP1,MIS18 binding protein 1 [Source:HGNC Symbol;Acc:HGNC:20190],"ARRAYEXPRESS,ENSG",query_1
ENSG00000129534,ENSP00000397184,43,2,MIS18BP1,MIS18 binding protein 1 [Source:HGNC Symbol;Acc:HGNC:20190],"ARRAYEXPRESS,ENSG",query_1
ENSG00000129534,ENSP00000398902,43,3,MIS18BP1,MIS18 binding protein 1 [Source:HGNC Symbol;Acc:HGNC:20190],"ARRAYEXPRESS,ENSG",query_1
ENSG00000129534,ENSP00000402011,43,4,MIS18BP1,MIS18 binding protein 1 [Source:HGNC Symbol;Acc:HGNC:20190],"ARRAYEXPRESS,ENSG",query_1
ENSG00000129534,ENSP00000451783,43,5,MIS18BP1,MIS18 binding protein 1 [Source:HGNC Symbol;Acc:HGNC:20190],"ARRAYEXPRESS,ENSG",query_1
ENSG00000129534,ENSP00000487102,43,6,MIS18BP1,MIS18 binding protein 1 [Source:HGNC Symbol;Acc:HGNC:20190],"ARRAYEXPRESS,ENSG",query_1
ENSG00000130487,ENSP00000379034,44,1,KLHDC7B,kelch domain containing 7B [Source:HGNC Symbol;Acc:HGNC:25145],"ARRAYEXPRESS,ENSG",query_1
ENSG00000130487,ENSP00000497256,44,2,KLHDC7B,kelch domain containing 7B [Source:HGNC Symbol;Acc:HGNC:25145],"ARRAYEXPRESS,ENSG",query_1
ENSG00000130589,ENSP00000393257,45,1,HELZ2,helicase with zinc finger 2 [Source:HGNC Symbol;Acc:HGNC:30021],"ARRAYEXPRESS,ENSG",query_1
ENSG00000130589,ENSP00000417401,45,2,HELZ2,helicase with zinc finger 2 [Source:HGNC Symbol;Acc:HGNC:30021],"ARRAYEXPRESS,ENSG",query_1
ENSG00000132938,ENSP00000370186,46,1,MTUS2,microtubule associated scaffold protein 2 [Source:HGNC Symbol;Acc:HGNC:20595],"ARRAYEXPRESS,ENSG",query_1
ENSG00000132938,ENSP00000445403,46,2,MTUS2,microtubule associated scaffold protein 2 [Source:HGNC Symbol;Acc:HGNC:20595],"ARRAYEXPRESS,ENSG",query_1
ENSG00000132938,ENSP00000483729,46,3,MTUS2,microtubule associated scaffold protein 2 [Source:HGNC Symbol;Acc:HGNC:20595],"ARRAYEXPRESS,ENSG",query_1
ENSG00000133597,ENSP00000072869,47,1,ADCK2,aarF domain containing kinase 2 [Source:HGNC Symbol;Acc:HGNC:19039],"ARRAYEXPRESS,ENSG",query_1
ENSG00000133597,ENSP00000417367,47,2,ADCK2,aarF domain containing kinase 2 [Source:HGNC Symbol;Acc:HGNC:19039],"ARRAYEXPRESS,ENSG",query_1
ENSG00000133597,ENSP00000420288,47,3,ADCK2,aarF domain containing kinase 2 [Source:HGNC Symbol;Acc:HGNC:19039],"ARRAYEXPRESS,ENSG",query_1
ENSG00000133597,ENSP00000420512,47,4,ADCK2,aarF domain containing kinase 2 [Source:HGNC Symbol;Acc:HGNC:19039],"ARRAYEXPRESS,ENSG",query_1
ENSG00000135766,ENSP00000355601,48,1,EGLN1,egl-9 family hypoxia inducible factor 1 [Source:HGNC Symbol;Acc:HGNC:1232],"ARRAYEXPRESS,ENSG",query_1
ENSG00000135766,ENSP00000499299,48,2,EGLN1,egl-9 family hypoxia inducible factor 1 [Source:HGNC Symbol;Acc:HGNC:1232],"ARRAYEXPRESS,ENSG",query_1
ENSG00000135766,ENSP00000499368,48,3,EGLN1,egl-9 family hypoxia inducible factor 1 [Source:HGNC Symbol;Acc:HGNC:1232],"ARRAYEXPRESS,ENSG",query_1
ENSG00000135766,ENSP00000499591,48,4,EGLN1,egl-9 family hypoxia inducible factor 1 [Source:HGNC Symbol;Acc:HGNC:1232],"ARRAYEXPRESS,ENSG",query_1
ENSG00000135766,ENSP00000499629,48,5,EGLN1,egl-9 family hypoxia inducible factor 1 [Source:HGNC Symbol;Acc:HGNC:1232],"ARRAYEXPRESS,ENSG",query_1
ENSG00000136243,ENSP00000258742,49,1,NUP42,nucleoporin 42 [Source:HGNC Symbol;Acc:HGNC:17010],"ARRAYEXPRESS,ENSG",query_1
ENSG00000136243,ENSP00000387330,49,2,NUP42,nucleoporin 42 [Source:HGNC Symbol;Acc:HGNC:17010],"ARRAYEXPRESS,ENSG",query_1
ENSG00000136243,ENSP00000401475,49,3,NUP42,nucleoporin 42 [Source:HGNC Symbol;Acc:HGNC:17010],"ARRAYEXPRESS,ENSG",query_1
ENSG00000136243,ENSP00000406677,49,4,NUP42,nucleoporin 42 [Source:HGNC Symbol;Acc:HGNC:17010],"ARRAYEXPRESS,ENSG",query_1
ENSG00000136243,ENSP00000415511,49,5,NUP42,nucleoporin 42 [Source:HGNC Symbol;Acc:HGNC:17010],"ARRAYEXPRESS,ENSG",query_1
ENSG00000137216,ENSP00000259746,50,1,TMEM63B,transmembrane protein 63B [Source:HGNC Symbol;Acc:HGNC:17735],"ARRAYEXPRESS,ENSG",query_1
ENSG00000137216,ENSP00000327154,50,2,TMEM63B,transmembrane protein 63B [Source:HGNC Symbol;Acc:HGNC:17735],"ARRAYEXPRESS,ENSG",query_1
ENSG00000137216,ENSP00000360960,50,3,TMEM63B,transmembrane protein 63B [Source:HGNC Symbol;Acc:HGNC:17735],"ARRAYEXPRESS,ENSG",query_1
ENSG00000137216,ENSP00000432085,50,4,TMEM63B,transmembrane protein 63B [Source:HGNC Symbol;Acc:HGNC:17735],"ARRAYEXPRESS,ENSG",query_1
ENSG00000137216,ENSP00000433750,50,5,TMEM63B,transmembrane protein 63B [Source:HGNC Symbol;Acc:HGNC:17735],"ARRAYEXPRESS,ENSG",query_1
ENSG00000137216,ENSP00000437163,50,6,TMEM63B,transmembrane protein 63B [Source:HGNC Symbol;Acc:HGNC:17735],"ARRAYEXPRESS,ENSG",query_1
ENSG00000137809,ENSP00000327290,51,1,ITGA11,integrin subunit alpha 11 [Source:HGNC Symbol;Acc:HGNC:6136],"ARRAYEXPRESS,ENSG",query_1
ENSG00000137809,ENSP00000403392,51,2,ITGA11,integrin subunit alpha 11 [Source:HGNC Symbol;Acc:HGNC:6136],"ARRAYEXPRESS,ENSG",query_1
ENSG00000137877,ENSP00000317790,52,1,SPTBN5,"spectrin beta, non-erythrocytic 5 [Source:HGNC Symbol;Acc:HGNC:15680]","ARRAYEXPRESS,ENSG",query_1
ENSG00000137965,ENSP00000359783,53,1,IFI44,interferon induced protein 44 [Source:HGNC Symbol;Acc:HGNC:16938],"ARRAYEXPRESS,ENSG",query_1
ENSG00000137965,ENSP00000399477,53,2,IFI44,interferon induced protein 44 [Source:HGNC Symbol;Acc:HGNC:16938],"ARRAYEXPRESS,ENSG",query_1
ENSG00000137965,ENSP00000400001,53,3,IFI44,interferon induced protein 44 [Source:HGNC Symbol;Acc:HGNC:16938],"ARRAYEXPRESS,ENSG",query_1
ENSG00000140876,ENSP00000268533,54,1,NUDT7,nudix hydrolase 7 [Source:HGNC Symbol;Acc:HGNC:8054],"ARRAYEXPRESS,ENSG",query_1
ENSG00000140876,ENSP00000387707,54,2,NUDT7,nudix hydrolase 7 [Source:HGNC Symbol;Acc:HGNC:8054],"ARRAYEXPRESS,ENSG",query_1
ENSG00000140876,ENSP00000454617,54,3,NUDT7,nudix hydrolase 7 [Source:HGNC Symbol;Acc:HGNC:8054],"ARRAYEXPRESS,ENSG",query_1
ENSG00000140876,ENSP00000456363,54,4,NUDT7,nudix hydrolase 7 [Source:HGNC Symbol;Acc:HGNC:8054],"ARRAYEXPRESS,ENSG",query_1
ENSG00000140876,ENSP00000457566,54,5,NUDT7,nudix hydrolase 7 [Source:HGNC Symbol;Acc:HGNC:8054],"ARRAYEXPRESS,ENSG",query_1
ENSG00000140876,ENSP00000479582,54,6,NUDT7,nudix hydrolase 7 [Source:HGNC Symbol;Acc:HGNC:8054],"ARRAYEXPRESS,ENSG",query_1
ENSG00000141338,ENSP00000269080,55,1,ABCA8,ATP binding cassette subfamily A member 8 [Source:HGNC Symbol;Acc:HGNC:38],"ARRAYEXPRESS,ENSG",query_1
ENSG00000141338,ENSP00000402814,55,2,ABCA8,ATP binding cassette subfamily A member 8 [Source:HGNC Symbol;Acc:HGNC:38],"ARRAYEXPRESS,ENSG",query_1
ENSG00000141338,ENSP00000466126,55,3,ABCA8,ATP binding cassette subfamily A member 8 [Source:HGNC Symbol;Acc:HGNC:38],"ARRAYEXPRESS,ENSG",query_1
ENSG00000141338,ENSP00000467186,55,4,ABCA8,ATP binding cassette subfamily A member 8 [Source:HGNC Symbol;Acc:HGNC:38],"ARRAYEXPRESS,ENSG",query_1
ENSG00000141338,ENSP00000467271,55,5,ABCA8,ATP binding cassette subfamily A member 8 [Source:HGNC Symbol;Acc:HGNC:38],"ARRAYEXPRESS,ENSG",query_1
ENSG00000144401,ENSP00000272839,56,1,METTL21A,"methyltransferase 21A, HSPA lysine [Source:HGNC Symbol;Acc:HGNC:30476]","ARRAYEXPRESS,ENSG",query_1
ENSG00000144401,ENSP00000385481,56,2,METTL21A,"methyltransferase 21A, HSPA lysine [Source:HGNC Symbol;Acc:HGNC:30476]","ARRAYEXPRESS,ENSG",query_1
ENSG00000144401,ENSP00000389684,56,3,METTL21A,"methyltransferase 21A, HSPA lysine [Source:HGNC Symbol;Acc:HGNC:30476]","ARRAYEXPRESS,ENSG",query_1
ENSG00000144401,ENSP00000392062,56,4,METTL21A,"methyltransferase 21A, HSPA lysine [Source:HGNC Symbol;Acc:HGNC:30476]","ARRAYEXPRESS,ENSG",query_1
ENSG00000144401,ENSP00000400730,56,5,METTL21A,"methyltransferase 21A, HSPA lysine [Source:HGNC Symbol;Acc:HGNC:30476]","ARRAYEXPRESS,ENSG",query_1
ENSG00000144401,ENSP00000403317,56,6,METTL21A,"methyltransferase 21A, HSPA lysine [Source:HGNC Symbol;Acc:HGNC:30476]","ARRAYEXPRESS,ENSG",query_1
ENSG00000144401,ENSP00000407622,56,7,METTL21A,"methyltransferase 21A, HSPA lysine [Source:HGNC Symbol;Acc:HGNC:30476]","ARRAYEXPRESS,ENSG",query_1
ENSG00000144401,ENSP00000409485,56,8,METTL21A,"methyltransferase 21A, HSPA lysine [Source:HGNC Symbol;Acc:HGNC:30476]","ARRAYEXPRESS,ENSG",query_1
ENSG00000144401,ENSP00000415115,56,9,METTL21A,"methyltransferase 21A, HSPA lysine [Source:HGNC Symbol;Acc:HGNC:30476]","ARRAYEXPRESS,ENSG",query_1
ENSG00000144401,ENSP00000416570,56,10,METTL21A,"methyltransferase 21A, HSPA lysine [Source:HGNC Symbol;Acc:HGNC:30476]","ARRAYEXPRESS,ENSG",query_1
ENSG00000146221,ENSP00000360559,57,1,TCTE1,t-complex-associated-testis-expressed 1 [Source:HGNC Symbol;Acc:HGNC:11693],"ARRAYEXPRESS,ENSG",query_1
ENSG00000146221,ENSP00000360560,57,2,TCTE1,t-complex-associated-testis-expressed 1 [Source:HGNC Symbol;Acc:HGNC:11693],"ARRAYEXPRESS,ENSG",query_1
ENSG00000146757,ENSP00000332595,58,1,ZNF92,zinc finger protein 92 [Source:HGNC Symbol;Acc:HGNC:13168],"ARRAYEXPRESS,ENSG",query_1
ENSG00000146757,ENSP00000350113,58,2,ZNF92,zinc finger protein 92 [Source:HGNC Symbol;Acc:HGNC:13168],"ARRAYEXPRESS,ENSG",query_1
ENSG00000146757,ENSP00000396126,58,3,ZNF92,zinc finger protein 92 [Source:HGNC Symbol;Acc:HGNC:13168],"ARRAYEXPRESS,ENSG",query_1
ENSG00000146757,ENSP00000400495,58,4,ZNF92,zinc finger protein 92 [Source:HGNC Symbol;Acc:HGNC:13168],"ARRAYEXPRESS,ENSG",query_1
ENSG00000146839,ENSP00000441117,59,1,ZAN,zonadhesin [Source:HGNC Symbol;Acc:HGNC:12857],"ARRAYEXPRESS,ENSG",query_1
ENSG00000146839,ENSP00000444427,59,2,ZAN,zonadhesin [Source:HGNC Symbol;Acc:HGNC:12857],"ARRAYEXPRESS,ENSG",query_1
ENSG00000146839,ENSP00000445091,59,3,ZAN,zonadhesin [Source:HGNC Symbol;Acc:HGNC:12857],"ARRAYEXPRESS,ENSG",query_1
ENSG00000146839,ENSP00000445943,59,4,ZAN,zonadhesin [Source:HGNC Symbol;Acc:HGNC:12857],"ARRAYEXPRESS,ENSG",query_1
ENSG00000146839,ENSP00000478371,59,5,ZAN,zonadhesin [Source:HGNC Symbol;Acc:HGNC:12857],"ARRAYEXPRESS,ENSG",query_1
ENSG00000146839,ENSP00000480750,59,6,ZAN,zonadhesin [Source:HGNC Symbol;Acc:HGNC:12857],"ARRAYEXPRESS,ENSG",query_1
ENSG00000146839,ENSP00000481742,59,7,ZAN,zonadhesin [Source:HGNC Symbol;Acc:HGNC:12857],"ARRAYEXPRESS,ENSG",query_1
ENSG00000148288,ENSP00000361106,60,1,GBGT1,"globoside alpha-1,3-N-acetylgalactosaminyltransferase 1 (FORS blood group) [Source:HGNC Symbol;Acc:HGNC:20460]","ARRAYEXPRESS,ENSG",query_1
ENSG00000148288,ENSP00000361108,60,2,GBGT1,"globoside alpha-1,3-N-acetylgalactosaminyltransferase 1 (FORS blood group) [Source:HGNC Symbol;Acc:HGNC:20460]","ARRAYEXPRESS,ENSG",query_1
ENSG00000148288,ENSP00000361110,60,3,GBGT1,"globoside alpha-1,3-N-acetylgalactosaminyltransferase 1 (FORS blood group) [Source:HGNC Symbol;Acc:HGNC:20460]","ARRAYEXPRESS,ENSG",query_1
ENSG00000148288,ENSP00000361113,60,4,GBGT1,"globoside alpha-1,3-N-acetylgalactosaminyltransferase 1 (FORS blood group) [Source:HGNC Symbol;Acc:HGNC:20460]","ARRAYEXPRESS,ENSG",query_1
ENSG00000148288,ENSP00000437663,60,5,GBGT1,"globoside alpha-1,3-N-acetylgalactosaminyltransferase 1 (FORS blood group) [Source:HGNC Symbol;Acc:HGNC:20460]","ARRAYEXPRESS,ENSG",query_1
ENSG00000148288,ENSP00000493832,60,6,GBGT1,"globoside alpha-1,3-N-acetylgalactosaminyltransferase 1 (FORS blood group) [Source:HGNC Symbol;Acc:HGNC:20460]","ARRAYEXPRESS,ENSG",query_1
ENSG00000148288,ENSP00000494825,60,7,GBGT1,"globoside alpha-1,3-N-acetylgalactosaminyltransferase 1 (FORS blood group) [Source:HGNC Symbol;Acc:HGNC:20460]","ARRAYEXPRESS,ENSG",query_1
ENSG00000148288,ENSP00000495017,60,8,GBGT1,"globoside alpha-1,3-N-acetylgalactosaminyltransferase 1 (FORS blood group) [Source:HGNC Symbol;Acc:HGNC:20460]","ARRAYEXPRESS,ENSG",query_1
ENSG00000148288,ENSP00000495850,60,9,GBGT1,"globoside alpha-1,3-N-acetylgalactosaminyltransferase 1 (FORS blood group) [Source:HGNC Symbol;Acc:HGNC:20460]","ARRAYEXPRESS,ENSG",query_1
ENSG00000149646,ENSP00000340954,61,1,CNBD2,cyclic nucleotide binding domain containing 2 [Source:HGNC Symbol;Acc:HGNC:16145],"ARRAYEXPRESS,ENSG",query_1
ENSG00000149646,ENSP00000363084,61,2,CNBD2,cyclic nucleotide binding domain containing 2 [Source:HGNC Symbol;Acc:HGNC:16145],"ARRAYEXPRESS,ENSG",query_1
ENSG00000149646,ENSP00000442729,61,3,CNBD2,cyclic nucleotide binding domain containing 2 [Source:HGNC Symbol;Acc:HGNC:16145],"ARRAYEXPRESS,ENSG",query_1
ENSG00000149646,ENSP00000476014,61,4,CNBD2,cyclic nucleotide binding domain containing 2 [Source:HGNC Symbol;Acc:HGNC:16145],"ARRAYEXPRESS,ENSG",query_1
ENSG00000149646,ENSP00000478833,61,5,CNBD2,cyclic nucleotide binding domain containing 2 [Source:HGNC Symbol;Acc:HGNC:16145],"ARRAYEXPRESS,ENSG",query_1
ENSG00000149646,ENSP00000479333,61,6,CNBD2,cyclic nucleotide binding domain containing 2 [Source:HGNC Symbol;Acc:HGNC:16145],"ARRAYEXPRESS,ENSG",query_1
ENSG00000149646,ENSP00000480804,61,7,CNBD2,cyclic nucleotide binding domain containing 2 [Source:HGNC Symbol;Acc:HGNC:16145],"ARRAYEXPRESS,ENSG",query_1
ENSG00000150048,ENSP00000326407,62,1,CLEC1A,C-type lectin domain family 1 member A [Source:HGNC Symbol;Acc:HGNC:24355],"ARRAYEXPRESS,ENSG",query_1
ENSG00000150048,ENSP00000396272,62,2,CLEC1A,C-type lectin domain family 1 member A [Source:HGNC Symbol;Acc:HGNC:24355],"ARRAYEXPRESS,ENSG",query_1
ENSG00000150048,ENSP00000415048,62,3,CLEC1A,C-type lectin domain family 1 member A [Source:HGNC Symbol;Acc:HGNC:24355],"ARRAYEXPRESS,ENSG",query_1
ENSG00000150048,ENSP00000417010,62,4,CLEC1A,C-type lectin domain family 1 member A [Source:HGNC Symbol;Acc:HGNC:24355],"ARRAYEXPRESS,ENSG",query_1
ENSG00000150048,ENSP00000438408,62,5,CLEC1A,C-type lectin domain family 1 member A [Source:HGNC Symbol;Acc:HGNC:24355],"ARRAYEXPRESS,ENSG",query_1
ENSG00000151914,ENSP00000244364,63,1,DST,dystonin [Source:HGNC Symbol;Acc:HGNC:1090],"ARRAYEXPRESS,ENSG",query_1
ENSG00000151914,ENSP00000307959,63,2,DST,dystonin [Source:HGNC Symbol;Acc:HGNC:1090],"ARRAYEXPRESS,ENSG",query_1
ENSG00000151914,ENSP00000354508,63,3,DST,dystonin [Source:HGNC Symbol;Acc:HGNC:1090],"ARRAYEXPRESS,ENSG",query_1
ENSG00000151914,ENSP00000359801,63,4,DST,dystonin [Source:HGNC Symbol;Acc:HGNC:1090],"ARRAYEXPRESS,ENSG",query_1
ENSG00000151914,ENSP00000359824,63,5,DST,dystonin [Source:HGNC Symbol;Acc:HGNC:1090],"ARRAYEXPRESS,ENSG",query_1
ENSG00000151914,ENSP00000393082,63,6,DST,dystonin [Source:HGNC Symbol;Acc:HGNC:1090],"ARRAYEXPRESS,ENSG",query_1
ENSG00000151914,ENSP00000400883,63,7,DST,dystonin [Source:HGNC Symbol;Acc:HGNC:1090],"ARRAYEXPRESS,ENSG",query_1
ENSG00000151914,ENSP00000404924,63,8,DST,dystonin [Source:HGNC Symbol;Acc:HGNC:1090],"ARRAYEXPRESS,ENSG",query_1
ENSG00000151914,ENSP00000428068,63,9,DST,dystonin [Source:HGNC Symbol;Acc:HGNC:1090],"ARRAYEXPRESS,ENSG",query_1
ENSG00000151914,ENSP00000429221,63,10,DST,dystonin [Source:HGNC Symbol;Acc:HGNC:1090],"ARRAYEXPRESS,ENSG",query_1
ENSG00000151914,ENSP00000430472,63,11,DST,dystonin [Source:HGNC Symbol;Acc:HGNC:1090],"ARRAYEXPRESS,ENSG",query_1
ENSG00000151914,ENSP00000431003,63,12,DST,dystonin [Source:HGNC Symbol;Acc:HGNC:1090],"ARRAYEXPRESS,ENSG",query_1
ENSG00000151914,ENSP00000431020,63,13,DST,dystonin [Source:HGNC Symbol;Acc:HGNC:1090],"ARRAYEXPRESS,ENSG",query_1
ENSG00000151914,ENSP00000431030,63,14,DST,dystonin [Source:HGNC Symbol;Acc:HGNC:1090],"ARRAYEXPRESS,ENSG",query_1
ENSG00000151914,ENSP00000431121,63,15,DST,dystonin [Source:HGNC Symbol;Acc:HGNC:1090],"ARRAYEXPRESS,ENSG",query_1
ENSG00000151914,ENSP00000489032,63,16,DST,dystonin [Source:HGNC Symbol;Acc:HGNC:1090],"ARRAYEXPRESS,ENSG",query_1
ENSG00000151914,ENSP00000489111,63,17,DST,dystonin [Source:HGNC Symbol;Acc:HGNC:1090],"ARRAYEXPRESS,ENSG",query_1
ENSG00000151914,ENSP00000498389,63,18,DST,dystonin [Source:HGNC Symbol;Acc:HGNC:1090],"ARRAYEXPRESS,ENSG",query_1
ENSG00000151914,ENSP00000498983,63,19,DST,dystonin [Source:HGNC Symbol;Acc:HGNC:1090],"ARRAYEXPRESS,ENSG",query_1
ENSG00000151914,ENSP00000499198,63,20,DST,dystonin [Source:HGNC Symbol;Acc:HGNC:1090],"ARRAYEXPRESS,ENSG",query_1
ENSG00000151914,ENSP00000505098,63,21,DST,dystonin [Source:HGNC Symbol;Acc:HGNC:1090],"ARRAYEXPRESS,ENSG",query_1
ENSG00000153165,ENSP00000303659,64,1,RGPD3,RANBP2 like and GRIP domain containing 3 [Source:HGNC Symbol;Acc:HGNC:32416],"ARRAYEXPRESS,ENSG",query_1
ENSG00000153165,ENSP00000386588,64,2,RGPD3,RANBP2 like and GRIP domain containing 3 [Source:HGNC Symbol;Acc:HGNC:32416],"ARRAYEXPRESS,ENSG",query_1
ENSG00000154079,ENSP00000359505,65,1,SDHAF4,succinate dehydrogenase complex assembly factor 4 [Source:HGNC Symbol;Acc:HGNC:20957],"ARRAYEXPRESS,ENSG",query_1
ENSG00000154227,ENSP00000284382,66,1,CERS3,ceramide synthase 3 [Source:HGNC Symbol;Acc:HGNC:23752],"ARRAYEXPRESS,ENSG",query_1
ENSG00000154227,ENSP00000377672,66,2,CERS3,ceramide synthase 3 [Source:HGNC Symbol;Acc:HGNC:23752],"ARRAYEXPRESS,ENSG",query_1
ENSG00000154227,ENSP00000437640,66,3,CERS3,ceramide synthase 3 [Source:HGNC Symbol;Acc:HGNC:23752],"ARRAYEXPRESS,ENSG",query_1
ENSG00000154227,ENSP00000453598,66,4,CERS3,ceramide synthase 3 [Source:HGNC Symbol;Acc:HGNC:23752],"ARRAYEXPRESS,ENSG",query_1
ENSG00000154227,ENSP00000453816,66,5,CERS3,ceramide synthase 3 [Source:HGNC Symbol;Acc:HGNC:23752],"ARRAYEXPRESS,ENSG",query_1
ENSG00000154227,ENSP00000506641,66,6,CERS3,ceramide synthase 3 [Source:HGNC Symbol;Acc:HGNC:23752],"ARRAYEXPRESS,ENSG",query_1
ENSG00000154310,ENSP00000284483,67,1,TNIK,TRAF2 and NCK interacting kinase [Source:HGNC Symbol;Acc:HGNC:30765],"ARRAYEXPRESS,ENSG",query_1
ENSG00000154310,ENSP00000345352,67,2,TNIK,TRAF2 and NCK interacting kinase [Source:HGNC Symbol;Acc:HGNC:30765],"ARRAYEXPRESS,ENSG",query_1
ENSG00000154310,ENSP00000349880,67,3,TNIK,TRAF2 and NCK interacting kinase [Source:HGNC Symbol;Acc:HGNC:30765],"ARRAYEXPRESS,ENSG",query_1
ENSG00000154310,ENSP00000399511,67,4,TNIK,TRAF2 and NCK interacting kinase [Source:HGNC Symbol;Acc:HGNC:30765],"ARRAYEXPRESS,ENSG",query_1
ENSG00000154310,ENSP00000417338,67,5,TNIK,TRAF2 and NCK interacting kinase [Source:HGNC Symbol;Acc:HGNC:30765],"ARRAYEXPRESS,ENSG",query_1
ENSG00000154310,ENSP00000418156,67,6,TNIK,TRAF2 and NCK interacting kinase [Source:HGNC Symbol;Acc:HGNC:30765],"ARRAYEXPRESS,ENSG",query_1
ENSG00000154310,ENSP00000418378,67,7,TNIK,TRAF2 and NCK interacting kinase [Source:HGNC Symbol;Acc:HGNC:30765],"ARRAYEXPRESS,ENSG",query_1
ENSG00000154310,ENSP00000418916,67,8,TNIK,TRAF2 and NCK interacting kinase [Source:HGNC Symbol;Acc:HGNC:30765],"ARRAYEXPRESS,ENSG",query_1
ENSG00000154310,ENSP00000419308,67,9,TNIK,TRAF2 and NCK interacting kinase [Source:HGNC Symbol;Acc:HGNC:30765],"ARRAYEXPRESS,ENSG",query_1
ENSG00000154310,ENSP00000419990,67,10,TNIK,TRAF2 and NCK interacting kinase [Source:HGNC Symbol;Acc:HGNC:30765],"ARRAYEXPRESS,ENSG",query_1
ENSG00000157322,ENSP00000288040,68,1,CLEC18A,C-type lectin domain family 18 member A [Source:HGNC Symbol;Acc:HGNC:30388],"ARRAYEXPRESS,ENSG",query_1
ENSG00000157322,ENSP00000377304,68,2,CLEC18A,C-type lectin domain family 18 member A [Source:HGNC Symbol;Acc:HGNC:30388],"ARRAYEXPRESS,ENSG",query_1
ENSG00000157322,ENSP00000413990,68,3,CLEC18A,C-type lectin domain family 18 member A [Source:HGNC Symbol;Acc:HGNC:30388],"ARRAYEXPRESS,ENSG",query_1
ENSG00000157322,ENSP00000454685,68,4,CLEC18A,C-type lectin domain family 18 member A [Source:HGNC Symbol;Acc:HGNC:30388],"ARRAYEXPRESS,ENSG",query_1
ENSG00000157322,ENSP00000454976,68,5,CLEC18A,C-type lectin domain family 18 member A [Source:HGNC Symbol;Acc:HGNC:30388],"ARRAYEXPRESS,ENSG",query_1
ENSG00000157322,ENSP00000484176,68,6,CLEC18A,C-type lectin domain family 18 member A [Source:HGNC Symbol;Acc:HGNC:30388],"ARRAYEXPRESS,ENSG",query_1
ENSG00000159259,ENSP00000315700,69,1,CHAF1B,chromatin assembly factor 1 subunit B [Source:HGNC Symbol;Acc:HGNC:1911],"ARRAYEXPRESS,ENSG",query_1
ENSG00000160051,ENSP00000291358,70,1,IQCC,IQ motif containing C [Source:HGNC Symbol;Acc:HGNC:25545],"ARRAYEXPRESS,ENSG",query_1
ENSG00000160051,ENSP00000442291,70,2,IQCC,IQ motif containing C [Source:HGNC Symbol;Acc:HGNC:25545],"ARRAYEXPRESS,ENSG",query_1
ENSG00000160256,ENSP00000291634,71,1,SLX9,SLX9 ribosome biogenesis factor [Source:HGNC Symbol;Acc:HGNC:15811],"ARRAYEXPRESS,ENSG",query_1
ENSG00000160256,ENSP00000380926,71,2,SLX9,SLX9 ribosome biogenesis factor [Source:HGNC Symbol;Acc:HGNC:15811],"ARRAYEXPRESS,ENSG",query_1
ENSG00000160256,ENSP00000404964,71,3,SLX9,SLX9 ribosome biogenesis factor [Source:HGNC Symbol;Acc:HGNC:15811],"ARRAYEXPRESS,ENSG",query_1
ENSG00000163625,ENSP00000295888,72,1,WDFY3,WD repeat and FYVE domain containing 3 [Source:HGNC Symbol;Acc:HGNC:20751],"ARRAYEXPRESS,ENSG",query_1
ENSG00000163625,ENSP00000422741,72,2,WDFY3,WD repeat and FYVE domain containing 3 [Source:HGNC Symbol;Acc:HGNC:20751],"ARRAYEXPRESS,ENSG",query_1
ENSG00000163625,ENSP00000424987,72,3,WDFY3,WD repeat and FYVE domain containing 3 [Source:HGNC Symbol;Acc:HGNC:20751],"ARRAYEXPRESS,ENSG",query_1
ENSG00000163625,ENSP00000425699,72,4,WDFY3,WD repeat and FYVE domain containing 3 [Source:HGNC Symbol;Acc:HGNC:20751],"ARRAYEXPRESS,ENSG",query_1
ENSG00000163625,ENSP00000426813,72,5,WDFY3,WD repeat and FYVE domain containing 3 [Source:HGNC Symbol;Acc:HGNC:20751],"ARRAYEXPRESS,ENSG",query_1
ENSG00000164002,ENSP00000296380,73,1,EXO5,exonuclease 5 [Source:HGNC Symbol;Acc:HGNC:26115],"ARRAYEXPRESS,ENSG",query_1
ENSG00000164002,ENSP00000351328,73,2,EXO5,exonuclease 5 [Source:HGNC Symbol;Acc:HGNC:26115],"ARRAYEXPRESS,ENSG",query_1
ENSG00000164002,ENSP00000361788,73,3,EXO5,exonuclease 5 [Source:HGNC Symbol;Acc:HGNC:26115],"ARRAYEXPRESS,ENSG",query_1
ENSG00000164002,ENSP00000391240,73,4,EXO5,exonuclease 5 [Source:HGNC Symbol;Acc:HGNC:26115],"ARRAYEXPRESS,ENSG",query_1
ENSG00000164002,ENSP00000392115,73,5,EXO5,exonuclease 5 [Source:HGNC Symbol;Acc:HGNC:26115],"ARRAYEXPRESS,ENSG",query_1
ENSG00000164002,ENSP00000398437,73,6,EXO5,exonuclease 5 [Source:HGNC Symbol;Acc:HGNC:26115],"ARRAYEXPRESS,ENSG",query_1
ENSG00000164002,ENSP00000409715,73,7,EXO5,exonuclease 5 [Source:HGNC Symbol;Acc:HGNC:26115],"ARRAYEXPRESS,ENSG",query_1
ENSG00000164002,ENSP00000413565,73,8,EXO5,exonuclease 5 [Source:HGNC Symbol;Acc:HGNC:26115],"ARRAYEXPRESS,ENSG",query_1
ENSG00000164002,ENSP00000416857,73,9,EXO5,exonuclease 5 [Source:HGNC Symbol;Acc:HGNC:26115],"ARRAYEXPRESS,ENSG",query_1
ENSG00000164002,ENSP00000508270,73,10,EXO5,exonuclease 5 [Source:HGNC Symbol;Acc:HGNC:26115],"ARRAYEXPRESS,ENSG",query_1
ENSG00000164199,ENSP00000384582,74,1,ADGRV1,adhesion G protein-coupled receptor V1 [Source:HGNC Symbol;Acc:HGNC:17416],"ARRAYEXPRESS,ENSG",query_1
ENSG00000164199,ENSP00000392618,74,2,ADGRV1,adhesion G protein-coupled receptor V1 [Source:HGNC Symbol;Acc:HGNC:17416],"ARRAYEXPRESS,ENSG",query_1
ENSG00000164199,ENSP00000425936,74,3,ADGRV1,adhesion G protein-coupled receptor V1 [Source:HGNC Symbol;Acc:HGNC:17416],"ARRAYEXPRESS,ENSG",query_1
ENSG00000164199,ENSP00000491057,74,4,ADGRV1,adhesion G protein-coupled receptor V1 [Source:HGNC Symbol;Acc:HGNC:17416],"ARRAYEXPRESS,ENSG",query_1
ENSG00000164199,ENSP00000491299,74,5,ADGRV1,adhesion G protein-coupled receptor V1 [Source:HGNC Symbol;Acc:HGNC:17416],"ARRAYEXPRESS,ENSG",query_1
ENSG00000164199,ENSP00000491401,74,6,ADGRV1,adhesion G protein-coupled receptor V1 [Source:HGNC Symbol;Acc:HGNC:17416],"ARRAYEXPRESS,ENSG",query_1
ENSG00000164199,ENSP00000491425,74,7,ADGRV1,adhesion G protein-coupled receptor V1 [Source:HGNC Symbol;Acc:HGNC:17416],"ARRAYEXPRESS,ENSG",query_1
ENSG00000164199,ENSP00000491767,74,8,ADGRV1,adhesion G protein-coupled receptor V1 [Source:HGNC Symbol;Acc:HGNC:17416],"ARRAYEXPRESS,ENSG",query_1
ENSG00000164199,ENSP00000492054,74,9,ADGRV1,adhesion G protein-coupled receptor V1 [Source:HGNC Symbol;Acc:HGNC:17416],"ARRAYEXPRESS,ENSG",query_1
ENSG00000164199,ENSP00000492216,74,10,ADGRV1,adhesion G protein-coupled receptor V1 [Source:HGNC Symbol;Acc:HGNC:17416],"ARRAYEXPRESS,ENSG",query_1
ENSG00000164199,ENSP00000492328,74,11,ADGRV1,adhesion G protein-coupled receptor V1 [Source:HGNC Symbol;Acc:HGNC:17416],"ARRAYEXPRESS,ENSG",query_1
ENSG00000164199,ENSP00000492527,74,12,ADGRV1,adhesion G protein-coupled receptor V1 [Source:HGNC Symbol;Acc:HGNC:17416],"ARRAYEXPRESS,ENSG",query_1
ENSG00000164199,ENSP00000492531,74,13,ADGRV1,adhesion G protein-coupled receptor V1 [Source:HGNC Symbol;Acc:HGNC:17416],"ARRAYEXPRESS,ENSG",query_1
ENSG00000164199,ENSP00000492538,74,14,ADGRV1,adhesion G protein-coupled receptor V1 [Source:HGNC Symbol;Acc:HGNC:17416],"ARRAYEXPRESS,ENSG",query_1
ENSG00000164199,ENSP00000492630,74,15,ADGRV1,adhesion G protein-coupled receptor V1 [Source:HGNC Symbol;Acc:HGNC:17416],"ARRAYEXPRESS,ENSG",query_1
ENSG00000164199,ENSP00000492781,74,16,ADGRV1,adhesion G protein-coupled receptor V1 [Source:HGNC Symbol;Acc:HGNC:17416],"ARRAYEXPRESS,ENSG",query_1
ENSG00000164458,ENSP00000296946,75,1,TBXT,T-box transcription factor T [Source:HGNC Symbol;Acc:HGNC:11515],"ARRAYEXPRESS,ENSG",query_1
ENSG00000164458,ENSP00000355836,75,2,TBXT,T-box transcription factor T [Source:HGNC Symbol;Acc:HGNC:11515],"ARRAYEXPRESS,ENSG",query_1
ENSG00000164458,ENSP00000355841,75,3,TBXT,T-box transcription factor T [Source:HGNC Symbol;Acc:HGNC:11515],"ARRAYEXPRESS,ENSG",query_1
ENSG00000164458,ENSP00000453512,75,4,TBXT,T-box transcription factor T [Source:HGNC Symbol;Acc:HGNC:11515],"ARRAYEXPRESS,ENSG",query_1
ENSG00000164520,ENSP00000349709,76,1,RAET1E,retinoic acid early transcript 1E [Source:HGNC Symbol;Acc:HGNC:16793],"ARRAYEXPRESS,ENSG",query_1
ENSG00000164520,ENSP00000356332,76,2,RAET1E,retinoic acid early transcript 1E [Source:HGNC Symbol;Acc:HGNC:16793],"ARRAYEXPRESS,ENSG",query_1
ENSG00000164520,ENSP00000376096,76,3,RAET1E,retinoic acid early transcript 1E [Source:HGNC Symbol;Acc:HGNC:16793],"ARRAYEXPRESS,ENSG",query_1
ENSG00000164520,ENSP00000432366,76,4,RAET1E,retinoic acid early transcript 1E [Source:HGNC Symbol;Acc:HGNC:16793],"ARRAYEXPRESS,ENSG",query_1
ENSG00000164520,ENSP00000437067,76,5,RAET1E,retinoic acid early transcript 1E [Source:HGNC Symbol;Acc:HGNC:16793],"ARRAYEXPRESS,ENSG",query_1
ENSG00000165689,ENSP00000298537,77,1,ENTR1,endosome associated trafficking regulator 1 [Source:HGNC Symbol;Acc:HGNC:10667],"ARRAYEXPRESS,ENSG",query_1
ENSG00000165689,ENSP00000349929,77,2,ENTR1,endosome associated trafficking regulator 1 [Source:HGNC Symbol;Acc:HGNC:10667],"ARRAYEXPRESS,ENSG",query_1
ENSG00000165689,ENSP00000360788,77,3,ENTR1,endosome associated trafficking regulator 1 [Source:HGNC Symbol;Acc:HGNC:10667],"ARRAYEXPRESS,ENSG",query_1
ENSG00000165689,ENSP00000360790,77,4,ENTR1,endosome associated trafficking regulator 1 [Source:HGNC Symbol;Acc:HGNC:10667],"ARRAYEXPRESS,ENSG",query_1
ENSG00000165689,ENSP00000409255,77,5,ENTR1,endosome associated trafficking regulator 1 [Source:HGNC Symbol;Acc:HGNC:10667],"ARRAYEXPRESS,ENSG",query_1
ENSG00000165689,ENSP00000409357,77,6,ENTR1,endosome associated trafficking regulator 1 [Source:HGNC Symbol;Acc:HGNC:10667],"ARRAYEXPRESS,ENSG",query_1
ENSG00000166670,ENSP00000279441,78,1,MMP10,matrix metallopeptidase 10 [Source:HGNC Symbol;Acc:HGNC:7156],"ARRAYEXPRESS,ENSG",query_1
ENSG00000166670,ENSP00000441485,78,2,MMP10,matrix metallopeptidase 10 [Source:HGNC Symbol;Acc:HGNC:7156],"ARRAYEXPRESS,ENSG",query_1
ENSG00000168930,ENSP00000327604,79,1,TRIM49,tripartite motif containing 49 [Source:HGNC Symbol;Acc:HGNC:13431],"ARRAYEXPRESS,ENSG",query_1
ENSG00000168930,ENSP00000431618,79,2,TRIM49,tripartite motif containing 49 [Source:HGNC Symbol;Acc:HGNC:13431],"ARRAYEXPRESS,ENSG",query_1
ENSG00000169756,ENSP00000331775,80,1,LIMS1,LIM zinc finger domain containing 1 [Source:HGNC Symbol;Acc:HGNC:6616],"ARRAYEXPRESS,ENSG",query_1
ENSG00000169756,ENSP00000337598,80,2,LIMS1,LIM zinc finger domain containing 1 [Source:HGNC Symbol;Acc:HGNC:6616],"ARRAYEXPRESS,ENSG",query_1
ENSG00000169756,ENSP00000376987,80,3,LIMS1,LIM zinc finger domain containing 1 [Source:HGNC Symbol;Acc:HGNC:6616],"ARRAYEXPRESS,ENSG",query_1
ENSG00000169756,ENSP00000386926,80,4,LIMS1,LIM zinc finger domain containing 1 [Source:HGNC Symbol;Acc:HGNC:6616],"ARRAYEXPRESS,ENSG",query_1
ENSG00000169756,ENSP00000387264,80,5,LIMS1,LIM zinc finger domain containing 1 [Source:HGNC Symbol;Acc:HGNC:6616],"ARRAYEXPRESS,ENSG",query_1
ENSG00000169756,ENSP00000399267,80,6,LIMS1,LIM zinc finger domain containing 1 [Source:HGNC Symbol;Acc:HGNC:6616],"ARRAYEXPRESS,ENSG",query_1
ENSG00000169756,ENSP00000402322,80,7,LIMS1,LIM zinc finger domain containing 1 [Source:HGNC Symbol;Acc:HGNC:6616],"ARRAYEXPRESS,ENSG",query_1
ENSG00000169756,ENSP00000410751,80,8,LIMS1,LIM zinc finger domain containing 1 [Source:HGNC Symbol;Acc:HGNC:6616],"ARRAYEXPRESS,ENSG",query_1
ENSG00000169756,ENSP00000437912,80,9,LIMS1,LIM zinc finger domain containing 1 [Source:HGNC Symbol;Acc:HGNC:6616],"ARRAYEXPRESS,ENSG",query_1
ENSG00000169756,ENSP00000446121,80,10,LIMS1,LIM zinc finger domain containing 1 [Source:HGNC Symbol;Acc:HGNC:6616],"ARRAYEXPRESS,ENSG",query_1
ENSG00000169756,ENSP00000511979,80,11,LIMS1,LIM zinc finger domain containing 1 [Source:HGNC Symbol;Acc:HGNC:6616],"ARRAYEXPRESS,ENSG",query_1
ENSG00000169756,ENSP00000511980,80,12,LIMS1,LIM zinc finger domain containing 1 [Source:HGNC Symbol;Acc:HGNC:6616],"ARRAYEXPRESS,ENSG",query_1
ENSG00000169756,ENSP00000511981,80,13,LIMS1,LIM zinc finger domain containing 1 [Source:HGNC Symbol;Acc:HGNC:6616],"ARRAYEXPRESS,ENSG",query_1
ENSG00000169756,ENSP00000511982,80,14,LIMS1,LIM zinc finger domain containing 1 [Source:HGNC Symbol;Acc:HGNC:6616],"ARRAYEXPRESS,ENSG",query_1
ENSG00000169756,ENSP00000511983,80,15,LIMS1,LIM zinc finger domain containing 1 [Source:HGNC Symbol;Acc:HGNC:6616],"ARRAYEXPRESS,ENSG",query_1
ENSG00000169756,ENSP00000511984,80,16,LIMS1,LIM zinc finger domain containing 1 [Source:HGNC Symbol;Acc:HGNC:6616],"ARRAYEXPRESS,ENSG",query_1
ENSG00000169756,ENSP00000511985,80,17,LIMS1,LIM zinc finger domain containing 1 [Source:HGNC Symbol;Acc:HGNC:6616],"ARRAYEXPRESS,ENSG",query_1
ENSG00000169756,ENSP00000511986,80,18,LIMS1,LIM zinc finger domain containing 1 [Source:HGNC Symbol;Acc:HGNC:6616],"ARRAYEXPRESS,ENSG",query_1
ENSG00000170893,ENSP00000303452,81,1,TRH,thyrotropin releasing hormone [Source:HGNC Symbol;Acc:HGNC:12298],"ARRAYEXPRESS,ENSG",query_1
ENSG00000170893,ENSP00000426522,81,2,TRH,thyrotropin releasing hormone [Source:HGNC Symbol;Acc:HGNC:12298],"ARRAYEXPRESS,ENSG",query_1
ENSG00000171459,ENSP00000304235,82,1,OR1L6,olfactory receptor family 1 subfamily L member 6 [Source:HGNC Symbol;Acc:HGNC:8218],"ARRAYEXPRESS,ENSG",query_1
ENSG00000171459,ENSP00000362788,82,2,OR1L6,olfactory receptor family 1 subfamily L member 6 [Source:HGNC Symbol;Acc:HGNC:8218],"ARRAYEXPRESS,ENSG",query_1
ENSG00000171813,ENSP00000306324,83,1,PWWP2B,PWWP domain containing 2B [Source:HGNC Symbol;Acc:HGNC:25150],"ARRAYEXPRESS,ENSG",query_1
ENSG00000171813,ENSP00000486501,83,2,PWWP2B,PWWP domain containing 2B [Source:HGNC Symbol;Acc:HGNC:25150],"ARRAYEXPRESS,ENSG",query_1
ENSG00000171970,ENSP00000303696,84,1,ZNF57,zinc finger protein 57 [Source:HGNC Symbol;Acc:HGNC:13125],"ARRAYEXPRESS,ENSG",query_1
ENSG00000171970,ENSP00000430223,84,2,ZNF57,zinc finger protein 57 [Source:HGNC Symbol;Acc:HGNC:13125],"ARRAYEXPRESS,ENSG",query_1
ENSG00000171970,ENSP00000430905,84,3,ZNF57,zinc finger protein 57 [Source:HGNC Symbol;Acc:HGNC:13125],"ARRAYEXPRESS,ENSG",query_1
ENSG00000171970,ENSP00000468191,84,4,ZNF57,zinc finger protein 57 [Source:HGNC Symbol;Acc:HGNC:13125],"ARRAYEXPRESS,ENSG",query_1
ENSG00000173464,ENSP00000381092,85,1,RNASE11,ribonuclease A family member 11 (inactive) [Source:HGNC Symbol;Acc:HGNC:19269],"ARRAYEXPRESS,ENSG",query_1
ENSG00000173464,ENSP00000381093,85,2,RNASE11,ribonuclease A family member 11 (inactive) [Source:HGNC Symbol;Acc:HGNC:19269],"ARRAYEXPRESS,ENSG",query_1
ENSG00000173464,ENSP00000395210,85,3,RNASE11,ribonuclease A family member 11 (inactive) [Source:HGNC Symbol;Acc:HGNC:19269],"ARRAYEXPRESS,ENSG",query_1
ENSG00000173464,ENSP00000401398,85,4,RNASE11,ribonuclease A family member 11 (inactive) [Source:HGNC Symbol;Acc:HGNC:19269],"ARRAYEXPRESS,ENSG",query_1
ENSG00000173464,ENSP00000415954,85,5,RNASE11,ribonuclease A family member 11 (inactive) [Source:HGNC Symbol;Acc:HGNC:19269],"ARRAYEXPRESS,ENSG",query_1
ENSG00000173464,ENSP00000451318,85,6,RNASE11,ribonuclease A family member 11 (inactive) [Source:HGNC Symbol;Acc:HGNC:19269],"ARRAYEXPRESS,ENSG",query_1
ENSG00000173464,ENSP00000451466,85,7,RNASE11,ribonuclease A family member 11 (inactive) [Source:HGNC Symbol;Acc:HGNC:19269],"ARRAYEXPRESS,ENSG",query_1
ENSG00000173464,ENSP00000451563,85,8,RNASE11,ribonuclease A family member 11 (inactive) [Source:HGNC Symbol;Acc:HGNC:19269],"ARRAYEXPRESS,ENSG",query_1
ENSG00000173464,ENSP00000451839,85,9,RNASE11,ribonuclease A family member 11 (inactive) [Source:HGNC Symbol;Acc:HGNC:19269],"ARRAYEXPRESS,ENSG",query_1
ENSG00000173464,ENSP00000452412,85,10,RNASE11,ribonuclease A family member 11 (inactive) [Source:HGNC Symbol;Acc:HGNC:19269],"ARRAYEXPRESS,ENSG",query_1
ENSG00000175356,ENSP00000310658,86,1,SCUBE2,"signal peptide, CUB domain and EGF like domain containing 2 [Source:HGNC Symbol;Acc:HGNC:30425]","ARRAYEXPRESS,ENSG",query_1
ENSG00000175356,ENSP00000415187,86,2,SCUBE2,"signal peptide, CUB domain and EGF like domain containing 2 [Source:HGNC Symbol;Acc:HGNC:30425]","ARRAYEXPRESS,ENSG",query_1
ENSG00000175356,ENSP00000429969,86,3,SCUBE2,"signal peptide, CUB domain and EGF like domain containing 2 [Source:HGNC Symbol;Acc:HGNC:30425]","ARRAYEXPRESS,ENSG",query_1
ENSG00000175356,ENSP00000432828,86,4,SCUBE2,"signal peptide, CUB domain and EGF like domain containing 2 [Source:HGNC Symbol;Acc:HGNC:30425]","ARRAYEXPRESS,ENSG",query_1
ENSG00000175356,ENSP00000434000,86,5,SCUBE2,"signal peptide, CUB domain and EGF like domain containing 2 [Source:HGNC Symbol;Acc:HGNC:30425]","ARRAYEXPRESS,ENSG",query_1
ENSG00000175356,ENSP00000435415,86,6,SCUBE2,"signal peptide, CUB domain and EGF like domain containing 2 [Source:HGNC Symbol;Acc:HGNC:30425]","ARRAYEXPRESS,ENSG",query_1
ENSG00000175356,ENSP00000435902,86,7,SCUBE2,"signal peptide, CUB domain and EGF like domain containing 2 [Source:HGNC Symbol;Acc:HGNC:30425]","ARRAYEXPRESS,ENSG",query_1
ENSG00000175356,ENSP00000497523,86,8,SCUBE2,"signal peptide, CUB domain and EGF like domain containing 2 [Source:HGNC Symbol;Acc:HGNC:30425]","ARRAYEXPRESS,ENSG",query_1
ENSG00000175707,ENSP00000319179,87,1,KDF1,keratinocyte differentiation factor 1 [Source:HGNC Symbol;Acc:HGNC:26624],"ARRAYEXPRESS,ENSG",query_1
ENSG00000178395,ENSP00000355840,88,1,CCDC185,coiled-coil domain containing 185 [Source:HGNC Symbol;Acc:HGNC:26654],"ARRAYEXPRESS,ENSG",query_1
ENSG00000178852,ENSP00000332111,89,1,EFCAB13,EF-hand calcium binding domain 13 [Source:HGNC Symbol;Acc:HGNC:26864],"ARRAYEXPRESS,ENSG",query_1
ENSG00000178852,ENSP00000427910,89,2,EFCAB13,EF-hand calcium binding domain 13 [Source:HGNC Symbol;Acc:HGNC:26864],"ARRAYEXPRESS,ENSG",query_1
ENSG00000178852,ENSP00000429566,89,3,EFCAB13,EF-hand calcium binding domain 13 [Source:HGNC Symbol;Acc:HGNC:26864],"ARRAYEXPRESS,ENSG",query_1
ENSG00000178852,ENSP00000430048,89,4,EFCAB13,EF-hand calcium binding domain 13 [Source:HGNC Symbol;Acc:HGNC:26864],"ARRAYEXPRESS,ENSG",query_1
ENSG00000178852,ENSP00000430802,89,5,EFCAB13,EF-hand calcium binding domain 13 [Source:HGNC Symbol;Acc:HGNC:26864],"ARRAYEXPRESS,ENSG",query_1
ENSG00000178852,ENSP00000466136,89,6,EFCAB13,EF-hand calcium binding domain 13 [Source:HGNC Symbol;Acc:HGNC:26864],"ARRAYEXPRESS,ENSG",query_1
ENSG00000178852,ENSP00000467325,89,7,EFCAB13,EF-hand calcium binding domain 13 [Source:HGNC Symbol;Acc:HGNC:26864],"ARRAYEXPRESS,ENSG",query_1
ENSG00000180071,ENSP00000382610,90,1,ANKRD18A,ankyrin repeat domain 18A [Source:HGNC Symbol;Acc:HGNC:23643],"ARRAYEXPRESS,ENSG",query_1
ENSG00000180071,ENSP00000473463,90,2,ANKRD18A,ankyrin repeat domain 18A [Source:HGNC Symbol;Acc:HGNC:23643],"ARRAYEXPRESS,ENSG",query_1
ENSG00000180071,ENSP00000489764,90,3,ANKRD18A,ankyrin repeat domain 18A [Source:HGNC Symbol;Acc:HGNC:23643],"ARRAYEXPRESS,ENSG",query_1
ENSG00000180071,ENSP00000489798,90,4,ANKRD18A,ankyrin repeat domain 18A [Source:HGNC Symbol;Acc:HGNC:23643],"ARRAYEXPRESS,ENSG",query_1
ENSG00000180071,ENSP00000490788,90,5,ANKRD18A,ankyrin repeat domain 18A [Source:HGNC Symbol;Acc:HGNC:23643],"ARRAYEXPRESS,ENSG",query_1
ENSG00000180071,ENSP00000515233,90,6,ANKRD18A,ankyrin repeat domain 18A [Source:HGNC Symbol;Acc:HGNC:23643],"ARRAYEXPRESS,ENSG",query_1
ENSG00000180071,ENSP00000515234,90,7,ANKRD18A,ankyrin repeat domain 18A [Source:HGNC Symbol;Acc:HGNC:23643],"ARRAYEXPRESS,ENSG",query_1
ENSG00000183310,ENSP00000330904,91,1,OR2T34,olfactory receptor family 2 subfamily T member 34 [Source:HGNC Symbol;Acc:HGNC:31256],"ARRAYEXPRESS,ENSG",query_1
ENSG00000184292,ENSP00000360269,92,1,TACSTD2,tumor associated calcium signal transducer 2 [Source:HGNC Symbol;Acc:HGNC:11530],"ARRAYEXPRESS,ENSG",query_1
ENSG00000184923,ENSP00000371107,93,1,NUTM2A,NUT family member 2A [Source:HGNC Symbol;Acc:HGNC:23438],"ARRAYEXPRESS,ENSG",query_1
ENSG00000184923,ENSP00000371126,93,2,NUTM2A,NUT family member 2A [Source:HGNC Symbol;Acc:HGNC:23438],"ARRAYEXPRESS,ENSG",query_1
ENSG00000185479,ENSP00000252252,94,1,KRT6B,keratin 6B [Source:HGNC Symbol;Acc:HGNC:6444],"ARRAYEXPRESS,ENSG",query_1
ENSG00000185842,ENSP00000328980,95,1,DNAH14,dynein axonemal heavy chain 14 [Source:HGNC Symbol;Acc:HGNC:2945],"ARRAYEXPRESS,ENSG",query_1
ENSG00000185842,ENSP00000332424,95,2,DNAH14,dynein axonemal heavy chain 14 [Source:HGNC Symbol;Acc:HGNC:2945],"ARRAYEXPRESS,ENSG",query_1
ENSG00000185842,ENSP00000355813,95,3,DNAH14,dynein axonemal heavy chain 14 [Source:HGNC Symbol;Acc:HGNC:2945],"ARRAYEXPRESS,ENSG",query_1
ENSG00000185842,ENSP00000355814,95,4,DNAH14,dynein axonemal heavy chain 14 [Source:HGNC Symbol;Acc:HGNC:2945],"ARRAYEXPRESS,ENSG",query_1
ENSG00000185842,ENSP00000355815,95,5,DNAH14,dynein axonemal heavy chain 14 [Source:HGNC Symbol;Acc:HGNC:2945],"ARRAYEXPRESS,ENSG",query_1
ENSG00000185842,ENSP00000383737,95,6,DNAH14,dynein axonemal heavy chain 14 [Source:HGNC Symbol;Acc:HGNC:2945],"ARRAYEXPRESS,ENSG",query_1
ENSG00000185842,ENSP00000392061,95,7,DNAH14,dynein axonemal heavy chain 14 [Source:HGNC Symbol;Acc:HGNC:2945],"ARRAYEXPRESS,ENSG",query_1
ENSG00000185842,ENSP00000398678,95,8,DNAH14,dynein axonemal heavy chain 14 [Source:HGNC Symbol;Acc:HGNC:2945],"ARRAYEXPRESS,ENSG",query_1
ENSG00000185842,ENSP00000409472,95,9,DNAH14,dynein axonemal heavy chain 14 [Source:HGNC Symbol;Acc:HGNC:2945],"ARRAYEXPRESS,ENSG",query_1
ENSG00000185842,ENSP00000409971,95,10,DNAH14,dynein axonemal heavy chain 14 [Source:HGNC Symbol;Acc:HGNC:2945],"ARRAYEXPRESS,ENSG",query_1
ENSG00000185842,ENSP00000414402,95,11,DNAH14,dynein axonemal heavy chain 14 [Source:HGNC Symbol;Acc:HGNC:2945],"ARRAYEXPRESS,ENSG",query_1
ENSG00000185842,ENSP00000414699,95,12,DNAH14,dynein axonemal heavy chain 14 [Source:HGNC Symbol;Acc:HGNC:2945],"ARRAYEXPRESS,ENSG",query_1
ENSG00000185842,ENSP00000429122,95,13,DNAH14,dynein axonemal heavy chain 14 [Source:HGNC Symbol;Acc:HGNC:2945],"ARRAYEXPRESS,ENSG",query_1
ENSG00000185842,ENSP00000429568,95,14,DNAH14,dynein axonemal heavy chain 14 [Source:HGNC Symbol;Acc:HGNC:2945],"ARRAYEXPRESS,ENSG",query_1
ENSG00000185842,ENSP00000492319,95,15,DNAH14,dynein axonemal heavy chain 14 [Source:HGNC Symbol;Acc:HGNC:2945],"ARRAYEXPRESS,ENSG",query_1
ENSG00000185842,ENSP00000508305,95,16,DNAH14,dynein axonemal heavy chain 14 [Source:HGNC Symbol;Acc:HGNC:2945],"ARRAYEXPRESS,ENSG",query_1
ENSG00000185958,ENSP00000329995,96,1,FAM186A,family with sequence similarity 186 member A [Source:HGNC Symbol;Acc:HGNC:26980],"ARRAYEXPRESS,ENSG",query_1
ENSG00000185958,ENSP00000437706,96,2,FAM186A,family with sequence similarity 186 member A [Source:HGNC Symbol;Acc:HGNC:26980],"ARRAYEXPRESS,ENSG",query_1
ENSG00000185958,ENSP00000441337,96,3,FAM186A,family with sequence similarity 186 member A [Source:HGNC Symbol;Acc:HGNC:26980],"ARRAYEXPRESS,ENSG",query_1
ENSG00000185958,ENSP00000443703,96,4,FAM186A,family with sequence similarity 186 member A [Source:HGNC Symbol;Acc:HGNC:26980],"ARRAYEXPRESS,ENSG",query_1
ENSG00000186081,ENSP00000252242,97,1,KRT5,keratin 5 [Source:HGNC Symbol;Acc:HGNC:6442],"ARRAYEXPRESS,ENSG",query_1
ENSG00000186081,ENSP00000447209,97,2,KRT5,keratin 5 [Source:HGNC Symbol;Acc:HGNC:6442],"ARRAYEXPRESS,ENSG",query_1
ENSG00000186081,ENSP00000448041,97,3,KRT5,keratin 5 [Source:HGNC Symbol;Acc:HGNC:6442],"ARRAYEXPRESS,ENSG",query_1
ENSG00000186081,ENSP00000448767,97,4,KRT5,keratin 5 [Source:HGNC Symbol;Acc:HGNC:6442],"ARRAYEXPRESS,ENSG",query_1
ENSG00000186081,ENSP00000449651,97,5,KRT5,keratin 5 [Source:HGNC Symbol;Acc:HGNC:6442],"ARRAYEXPRESS,ENSG",query_1
ENSG00000186081,ENSP00000449783,97,6,KRT5,keratin 5 [Source:HGNC Symbol;Acc:HGNC:6442],"ARRAYEXPRESS,ENSG",query_1
ENSG00000186204,ENSP00000321821,98,1,CYP4F12,cytochrome P450 family 4 subfamily F member 12 [Source:HGNC Symbol;Acc:HGNC:18857],"ARRAYEXPRESS,ENSG",query_1
ENSG00000186204,ENSP00000430849,98,2,CYP4F12,cytochrome P450 family 4 subfamily F member 12 [Source:HGNC Symbol;Acc:HGNC:18857],"ARRAYEXPRESS,ENSG",query_1
ENSG00000186204,ENSP00000446812,98,3,CYP4F12,cytochrome P450 family 4 subfamily F member 12 [Source:HGNC Symbol;Acc:HGNC:18857],"ARRAYEXPRESS,ENSG",query_1
ENSG00000186204,ENSP00000447922,98,4,CYP4F12,cytochrome P450 family 4 subfamily F member 12 [Source:HGNC Symbol;Acc:HGNC:18857],"ARRAYEXPRESS,ENSG",query_1
ENSG00000186204,ENSP00000448560,98,5,CYP4F12,cytochrome P450 family 4 subfamily F member 12 [Source:HGNC Symbol;Acc:HGNC:18857],"ARRAYEXPRESS,ENSG",query_1
ENSG00000186204,ENSP00000448998,98,6,CYP4F12,cytochrome P450 family 4 subfamily F member 12 [Source:HGNC Symbol;Acc:HGNC:18857],"ARRAYEXPRESS,ENSG",query_1
ENSG00000186204,ENSP00000449703,98,7,CYP4F12,cytochrome P450 family 4 subfamily F member 12 [Source:HGNC Symbol;Acc:HGNC:18857],"ARRAYEXPRESS,ENSG",query_1
ENSG00000186998,ENSP00000335481,99,1,EMID1,EMI domain containing 1 [Source:HGNC Symbol;Acc:HGNC:18036],"ARRAYEXPRESS,ENSG",query_1
ENSG00000186998,ENSP00000384452,99,2,EMID1,EMI domain containing 1 [Source:HGNC Symbol;Acc:HGNC:18036],"ARRAYEXPRESS,ENSG",query_1
ENSG00000186998,ENSP00000385414,99,3,EMID1,EMI domain containing 1 [Source:HGNC Symbol;Acc:HGNC:18036],"ARRAYEXPRESS,ENSG",query_1
ENSG00000186998,ENSP00000399760,99,4,EMID1,EMI domain containing 1 [Source:HGNC Symbol;Acc:HGNC:18036],"ARRAYEXPRESS,ENSG",query_1
ENSG00000186998,ENSP00000402621,99,5,EMID1,EMI domain containing 1 [Source:HGNC Symbol;Acc:HGNC:18036],"ARRAYEXPRESS,ENSG",query_1
ENSG00000186998,ENSP00000403816,99,6,EMID1,EMI domain containing 1 [Source:HGNC Symbol;Acc:HGNC:18036],"ARRAYEXPRESS,ENSG",query_1
ENSG00000186998,ENSP00000408339,99,7,EMID1,EMI domain containing 1 [Source:HGNC Symbol;Acc:HGNC:18036],"ARRAYEXPRESS,ENSG",query_1
ENSG00000187026,ENSP00000334287,100,1,KRTAP21-2,keratin associated protein 21-2 [Source:HGNC Symbol;Acc:HGNC:18946],"ARRAYEXPRESS,ENSG",query_1
ENSG00000187135,ENSP00000335038,101,1,VSTM2B,V-set and transmembrane domain containing 2B [Source:HGNC Symbol;Acc:HGNC:33595],"ARRAYEXPRESS,ENSG",query_1
ENSG00000196209,ENSP00000352849,102,1,SIRPB2,signal regulatory protein beta 2 [Source:HGNC Symbol;Acc:HGNC:16247],"ARRAYEXPRESS,ENSG",query_1
ENSG00000196209,ENSP00000402438,102,2,SIRPB2,signal regulatory protein beta 2 [Source:HGNC Symbol;Acc:HGNC:16247],"ARRAYEXPRESS,ENSG",query_1
ENSG00000196209,ENSP00000432656,102,3,SIRPB2,signal regulatory protein beta 2 [Source:HGNC Symbol;Acc:HGNC:16247],"ARRAYEXPRESS,ENSG",query_1
ENSG00000196209,ENSP00000435045,102,4,SIRPB2,signal regulatory protein beta 2 [Source:HGNC Symbol;Acc:HGNC:16247],"ARRAYEXPRESS,ENSG",query_1
ENSG00000196209,ENSP00000477149,102,5,SIRPB2,signal regulatory protein beta 2 [Source:HGNC Symbol;Acc:HGNC:16247],"ARRAYEXPRESS,ENSG",query_1
ENSG00000196228,ENSP00000333310,103,1,SULT1C3,sulfotransferase family 1C member 3 [Source:HGNC Symbol;Acc:HGNC:33543],"ARRAYEXPRESS,ENSG",query_1
ENSG00000196228,ENSP00000505748,103,2,SULT1C3,sulfotransferase family 1C member 3 [Source:HGNC Symbol;Acc:HGNC:33543],"ARRAYEXPRESS,ENSG",query_1
ENSG00000197599,ENSP00000373828,104,1,CCDC154,coiled-coil domain containing 154 [Source:HGNC Symbol;Acc:HGNC:34454],"ARRAYEXPRESS,ENSG",query_1
ENSG00000197599,ENSP00000386744,104,2,CCDC154,coiled-coil domain containing 154 [Source:HGNC Symbol;Acc:HGNC:34454],"ARRAYEXPRESS,ENSG",query_1
ENSG00000197599,ENSP00000456484,104,3,CCDC154,coiled-coil domain containing 154 [Source:HGNC Symbol;Acc:HGNC:34454],"ARRAYEXPRESS,ENSG",query_1
ENSG00000198062,ENSP00000340610,105,1,POTEH,POTE ankyrin domain family member H [Source:HGNC Symbol;Acc:HGNC:133],"ARRAYEXPRESS,ENSG",query_1
ENSG00000198062,ENSP00000442107,105,2,POTEH,POTE ankyrin domain family member H [Source:HGNC Symbol;Acc:HGNC:133],"ARRAYEXPRESS,ENSG",query_1
ENSG00000198838,ENSP00000373884,106,1,RYR3,ryanodine receptor 3 [Source:HGNC Symbol;Acc:HGNC:10485],"ARRAYEXPRESS,ENSG",query_1
ENSG00000198838,ENSP00000399610,106,2,RYR3,ryanodine receptor 3 [Source:HGNC Symbol;Acc:HGNC:10485],"ARRAYEXPRESS,ENSG",query_1
ENSG00000198838,ENSP00000489262,106,3,RYR3,ryanodine receptor 3 [Source:HGNC Symbol;Acc:HGNC:10485],"ARRAYEXPRESS,ENSG",query_1
ENSG00000198838,ENSP00000489294,106,4,RYR3,ryanodine receptor 3 [Source:HGNC Symbol;Acc:HGNC:10485],"ARRAYEXPRESS,ENSG",query_1
ENSG00000198838,ENSP00000489346,106,5,RYR3,ryanodine receptor 3 [Source:HGNC Symbol;Acc:HGNC:10485],"ARRAYEXPRESS,ENSG",query_1
ENSG00000198838,ENSP00000489529,106,6,RYR3,ryanodine receptor 3 [Source:HGNC Symbol;Acc:HGNC:10485],"ARRAYEXPRESS,ENSG",query_1
ENSG00000198838,ENSP00000489672,106,7,RYR3,ryanodine receptor 3 [Source:HGNC Symbol;Acc:HGNC:10485],"ARRAYEXPRESS,ENSG",query_1
ENSG00000198838,ENSP00000489832,106,8,RYR3,ryanodine receptor 3 [Source:HGNC Symbol;Acc:HGNC:10485],"ARRAYEXPRESS,ENSG",query_1
ENSG00000198838,ENSP00000489937,106,9,RYR3,ryanodine receptor 3 [Source:HGNC Symbol;Acc:HGNC:10485],"ARRAYEXPRESS,ENSG",query_1
ENSG00000198838,ENSP00000490033,106,10,RYR3,ryanodine receptor 3 [Source:HGNC Symbol;Acc:HGNC:10485],"ARRAYEXPRESS,ENSG",query_1
ENSG00000198838,ENSP00000490438,106,11,RYR3,ryanodine receptor 3 [Source:HGNC Symbol;Acc:HGNC:10485],"ARRAYEXPRESS,ENSG",query_1
ENSG00000198838,ENSP00000490632,106,12,RYR3,ryanodine receptor 3 [Source:HGNC Symbol;Acc:HGNC:10485],"ARRAYEXPRESS,ENSG",query_1
ENSG00000204815,ENSP00000477931,107,1,ODAD4,outer dynein arm docking complex subunit 4 [Source:HGNC Symbol;Acc:HGNC:25280],"ARRAYEXPRESS,ENSG",query_1
ENSG00000204815,ENSP00000478589,107,2,ODAD4,outer dynein arm docking complex subunit 4 [Source:HGNC Symbol;Acc:HGNC:25280],"ARRAYEXPRESS,ENSG",query_1
ENSG00000204815,ENSP00000479460,107,3,ODAD4,outer dynein arm docking complex subunit 4 [Source:HGNC Symbol;Acc:HGNC:25280],"ARRAYEXPRESS,ENSG",query_1
ENSG00000204815,ENSP00000484975,107,4,ODAD4,outer dynein arm docking complex subunit 4 [Source:HGNC Symbol;Acc:HGNC:25280],"ARRAYEXPRESS,ENSG",query_1
ENSG00000205420,ENSP00000369317,108,1,KRT6A,keratin 6A [Source:HGNC Symbol;Acc:HGNC:6443],"ARRAYEXPRESS,ENSG",query_1
ENSG00000205592,ENSP00000508949,109,1,MUC19,"mucin 19, oligomeric [Source:HGNC Symbol;Acc:HGNC:14362]","ARRAYEXPRESS,ENSG",query_1
ENSG00000206260,ENSP00000372649,110,1,PRR23A,proline rich 23A [Source:HGNC Symbol;Acc:HGNC:37172],"ARRAYEXPRESS,ENSG",query_1
ENSG00000211638,ENSP00000374818,111,1,IGLV8-61,immunoglobulin lambda variable 8-61 [Source:HGNC Symbol;Acc:HGNC:5931],"ARRAYEXPRESS,ENSG",query_1
ENSG00000211649,ENSP00000374830,112,1,IGLV7-46,immunoglobulin lambda variable 7-46 [Source:HGNC Symbol;Acc:HGNC:5930],"ARRAYEXPRESS,ENSG",query_1
ENSG00000213088,ENSP00000357103,113,1,ACKR1,atypical chemokine receptor 1 (Duffy blood group) [Source:HGNC Symbol;Acc:HGNC:4035],"ARRAYEXPRESS,ENSG",query_1
ENSG00000213088,ENSP00000357104,113,2,ACKR1,atypical chemokine receptor 1 (Duffy blood group) [Source:HGNC Symbol;Acc:HGNC:4035],"ARRAYEXPRESS,ENSG",query_1
ENSG00000214078,ENSP00000317257,114,1,CPNE1,copine 1 [Source:HGNC Symbol;Acc:HGNC:2314],"ARRAYEXPRESS,ENSG",query_1
ENSG00000214078,ENSP00000336945,114,2,CPNE1,copine 1 [Source:HGNC Symbol;Acc:HGNC:2314],"ARRAYEXPRESS,ENSG",query_1
ENSG00000214078,ENSP00000380584,114,3,CPNE1,copine 1 [Source:HGNC Symbol;Acc:HGNC:2314],"ARRAYEXPRESS,ENSG",query_1
ENSG00000214078,ENSP00000380585,114,4,CPNE1,copine 1 [Source:HGNC Symbol;Acc:HGNC:2314],"ARRAYEXPRESS,ENSG",query_1
ENSG00000214078,ENSP00000386067,114,5,CPNE1,copine 1 [Source:HGNC Symbol;Acc:HGNC:2314],"ARRAYEXPRESS,ENSG",query_1
ENSG00000214078,ENSP00000387434,114,6,CPNE1,copine 1 [Source:HGNC Symbol;Acc:HGNC:2314],"ARRAYEXPRESS,ENSG",query_1
ENSG00000214078,ENSP00000389662,114,7,CPNE1,copine 1 [Source:HGNC Symbol;Acc:HGNC:2314],"ARRAYEXPRESS,ENSG",query_1
ENSG00000214078,ENSP00000390141,114,8,CPNE1,copine 1 [Source:HGNC Symbol;Acc:HGNC:2314],"ARRAYEXPRESS,ENSG",query_1
ENSG00000214078,ENSP00000390626,114,9,CPNE1,copine 1 [Source:HGNC Symbol;Acc:HGNC:2314],"ARRAYEXPRESS,ENSG",query_1
ENSG00000214078,ENSP00000391483,114,10,CPNE1,copine 1 [Source:HGNC Symbol;Acc:HGNC:2314],"ARRAYEXPRESS,ENSG",query_1
ENSG00000214078,ENSP00000396069,114,11,CPNE1,copine 1 [Source:HGNC Symbol;Acc:HGNC:2314],"ARRAYEXPRESS,ENSG",query_1
ENSG00000214078,ENSP00000397638,114,12,CPNE1,copine 1 [Source:HGNC Symbol;Acc:HGNC:2314],"ARRAYEXPRESS,ENSG",query_1
ENSG00000214078,ENSP00000401915,114,13,CPNE1,copine 1 [Source:HGNC Symbol;Acc:HGNC:2314],"ARRAYEXPRESS,ENSG",query_1
ENSG00000214078,ENSP00000404355,114,14,CPNE1,copine 1 [Source:HGNC Symbol;Acc:HGNC:2314],"ARRAYEXPRESS,ENSG",query_1
ENSG00000214078,ENSP00000409305,114,15,CPNE1,copine 1 [Source:HGNC Symbol;Acc:HGNC:2314],"ARRAYEXPRESS,ENSG",query_1
ENSG00000214078,ENSP00000409794,114,16,CPNE1,copine 1 [Source:HGNC Symbol;Acc:HGNC:2314],"ARRAYEXPRESS,ENSG",query_1
ENSG00000214078,ENSP00000409955,114,17,CPNE1,copine 1 [Source:HGNC Symbol;Acc:HGNC:2314],"ARRAYEXPRESS,ENSG",query_1
ENSG00000214078,ENSP00000412806,114,18,CPNE1,copine 1 [Source:HGNC Symbol;Acc:HGNC:2314],"ARRAYEXPRESS,ENSG",query_1
ENSG00000214078,ENSP00000415597,114,19,CPNE1,copine 1 [Source:HGNC Symbol;Acc:HGNC:2314],"ARRAYEXPRESS,ENSG",query_1
ENSG00000214078,ENSP00000416962,114,20,CPNE1,copine 1 [Source:HGNC Symbol;Acc:HGNC:2314],"ARRAYEXPRESS,ENSG",query_1
ENSG00000214491,ENSP00000385695,115,1,SEC14L6,SEC14 like lipid binding 6 [Source:HGNC Symbol;Acc:HGNC:40047],"ARRAYEXPRESS,ENSG",query_1
ENSG00000214491,ENSP00000393380,115,2,SEC14L6,SEC14 like lipid binding 6 [Source:HGNC Symbol;Acc:HGNC:40047],"ARRAYEXPRESS,ENSG",query_1
ENSG00000214491,ENSP00000508864,115,3,SEC14L6,SEC14 like lipid binding 6 [Source:HGNC Symbol;Acc:HGNC:40047],"ARRAYEXPRESS,ENSG",query_1
ENSG00000214491,ENSP00000509726,115,4,SEC14L6,SEC14 like lipid binding 6 [Source:HGNC Symbol;Acc:HGNC:40047],"ARRAYEXPRESS,ENSG",query_1
ENSG00000214491,ENSP00000510258,115,5,SEC14L6,SEC14 like lipid binding 6 [Source:HGNC Symbol;Acc:HGNC:40047],"ARRAYEXPRESS,ENSG",query_1
ENSG00000214491,ENSP00000510727,115,6,SEC14L6,SEC14 like lipid binding 6 [Source:HGNC Symbol;Acc:HGNC:40047],"ARRAYEXPRESS,ENSG",query_1
ENSG00000214562,ENSP00000371116,116,1,NUTM2D,NUT family member 2D [Source:HGNC Symbol;Acc:HGNC:23447],"ARRAYEXPRESS,ENSG",query_1
ENSG00000214562,ENSP00000396080,116,2,NUTM2D,NUT family member 2D [Source:HGNC Symbol;Acc:HGNC:23447],"ARRAYEXPRESS,ENSG",query_1
ENSG00000214562,ENSP00000475197,116,3,NUTM2D,NUT family member 2D [Source:HGNC Symbol;Acc:HGNC:23447],"ARRAYEXPRESS,ENSG",query_1
ENSG00000214891,ENSP00000481815,117,1,TRIM64C,tripartite motif containing 64C [Source:HGNC Symbol;Acc:HGNC:37148],"ARRAYEXPRESS,ENSG",query_1
ENSG00000215182,ENSP00000485659,118,1,MUC5AC,"mucin 5AC, oligomeric mucus/gel-forming [Source:HGNC Symbol;Acc:HGNC:7515]","ARRAYEXPRESS,ENSG",query_1
ENSG00000222038,ENSP00000387176,119,1,POTEJ,POTE ankyrin domain family member J [Source:HGNC Symbol;Acc:HGNC:37094],"ARRAYEXPRESS,ENSG",query_1
ENSG00000223547,ENSP00000392024,120,1,ZNF844,zinc finger protein 844 [Source:HGNC Symbol;Acc:HGNC:25932],"ARRAYEXPRESS,ENSG",query_1
ENSG00000223547,ENSP00000402097,120,2,ZNF844,zinc finger protein 844 [Source:HGNC Symbol;Acc:HGNC:25932],"ARRAYEXPRESS,ENSG",query_1
ENSG00000223547,ENSP00000448588,120,3,ZNF844,zinc finger protein 844 [Source:HGNC Symbol;Acc:HGNC:25932],"ARRAYEXPRESS,ENSG",query_1
ENSG00000231550,None,121,1,None,None,,query_1
ENSG00000249647,None,122,1,None,None,,query_1
ENSG00000254245,ENSP00000253812,123,1,PCDHGA3,"protocadherin gamma subfamily A, 3 [Source:HGNC Symbol;Acc:HGNC:8701]","ARRAYEXPRESS,ENSG",query_1
ENSG00000254245,ENSP00000479265,123,2,PCDHGA3,"protocadherin gamma subfamily A, 3 [Source:HGNC Symbol;Acc:HGNC:8701]","ARRAYEXPRESS,ENSG",query_1
ENSG00000254245,ENSP00000481801,123,3,PCDHGA3,"protocadherin gamma subfamily A, 3 [Source:HGNC Symbol;Acc:HGNC:8701]","ARRAYEXPRESS,ENSG",query_1
ENSG00000261701,ENSP00000441828,124,1,HPR,haptoglobin-related protein [Source:HGNC Symbol;Acc:HGNC:5156],"ARRAYEXPRESS,ENSG",query_1
ENSG00000261701,ENSP00000462916,124,2,HPR,haptoglobin-related protein [Source:HGNC Symbol;Acc:HGNC:5156],"ARRAYEXPRESS,ENSG",query_1
ENSG00000261701,ENSP00000497360,124,3,HPR,haptoglobin-related protein [Source:HGNC Symbol;Acc:HGNC:5156],"ARRAYEXPRESS,ENSG",query_1
ENSG00000263870,None,125,1,None,None,,query_1
ENSG00000268043,ENSP00000478609,126,1,NBPF12,NBPF member 12 [Source:HGNC Symbol;Acc:HGNC:24297],"ARRAYEXPRESS,ENSG",query_1
ENSG00000268043,ENSP00000513971,126,2,NBPF12,NBPF member 12 [Source:HGNC Symbol;Acc:HGNC:24297],"ARRAYEXPRESS,ENSG",query_1
ENSG00000268043,ENSP00000514045,126,3,NBPF12,NBPF member 12 [Source:HGNC Symbol;Acc:HGNC:24297],"ARRAYEXPRESS,ENSG",query_1
